Date,Open,High,Low,Close,Volume,Change,Change %
2015-12-07,29.745,29.965,29.4525,29.57,128336996,0.0,0.0
2015-12-08,29.38,29.65,29.215,29.5575,137237800,-0.01249999999999929,-0.0004
2015-12-09,29.41,29.4225,28.77,28.905,185445428,-0.6524999999999999,-0.0221
2015-12-10,29.01,29.235,28.8775,29.0425,116850908,0.1374999999999993,0.0048
2015-12-11,28.7975,28.8475,28.2128,28.295,187544644,-0.7474999999999987,-0.0257
2015-12-14,28.045,28.17,27.4475,28.12,260014436,-0.1750000000000007,-0.0062
2015-12-15,27.985,28.2,27.5875,27.6225,213292420,-0.4975000000000023,-0.0177
2015-12-16,27.7675,27.9975,27.2,27.835,224953868,0.21250000000000213,0.0077
2015-12-17,28.005,28.0625,27.245,27.245,179091308,-0.5899999999999999,-0.0212
2015-12-18,27.2275,27.38,26.4525,26.5075,385813308,-0.7375000000000007,-0.0271
2015-12-21,26.82,26.8425,26.3925,26.8325,190362440,0.3249999999999993,0.0123
2015-12-22,26.85,26.93,26.6128,26.8075,131157468,-0.02499999999999858,-0.0009
2015-12-23,26.8175,27.2125,26.8,27.1525,130629416,0.34499999999999886,0.0129
2015-12-24,27.25,27.25,26.9875,27.0075,54386720,-0.14499999999999957,-0.0053
2015-12-28,26.8975,26.9225,26.5452,26.705,106816840,-0.302500000000002,-0.0112
2015-12-29,26.74,27.3575,26.715,27.185,123724972,0.4800000000000004,0.018
2015-12-30,27.145,27.175,26.795,26.83,100855108,-0.3550000000000004,-0.0131
2015-12-31,26.7525,26.7575,26.205,26.315,163649264,-0.514999999999997,-0.0192
2016-01-04,25.6525,26.342,25.5,26.3375,270597548,0.0224999999999973,0.0009
2016-01-05,26.4375,26.4625,25.6025,25.6775,223163968,-0.6600000000000001,-0.0251
2016-01-06,25.14,25.5925,24.9675,25.175,273829552,-0.5024999999999977,-0.0196
2016-01-07,24.67,25.0325,24.1075,24.1125,324377712,-1.0625,-0.0422
2016-01-08,24.6375,24.7775,24.19,24.24,283192064,0.12749999999999773,0.0053
2016-01-11,24.7425,24.765,24.335,24.6325,198957508,0.39250000000000185,0.0162
2016-01-12,25.1375,25.1725,24.71,24.99,196616908,0.35749999999999815,0.0145
2016-01-13,25.08,25.2975,24.325,24.3475,249758524,-0.6424999999999983,-0.0257
2016-01-14,24.49,25.12,23.935,24.88,252680508,0.5324999999999989,0.0219
2016-01-15,24.05,24.4275,23.84,24.2825,319335564,-0.5975000000000001,-0.024
2016-01-19,24.6025,24.6625,23.875,24.165,212350988,-0.11749999999999972,-0.0048
2016-01-20,23.775,24.5474,23.355,24.1975,289337664,0.032500000000002416,0.0013
2016-01-21,24.265,24.47,23.735,24.075,208645852,-0.12250000000000227,-0.0051
2016-01-22,24.6575,25.365,24.5925,25.355,263201868,1.2800000000000011,0.0532
2016-01-25,25.38,25.3825,24.8025,24.86,207178100,-0.495000000000001,-0.0195
2016-01-26,24.9825,25.22,24.5175,24.9975,300308008,0.1374999999999993,0.0055
2016-01-27,24.01,24.1572,23.335,23.355,533478696,-1.6424999999999983,-0.0657
2016-01-28,23.4475,23.63,23.0975,23.5225,222715300,0.16750000000000043,0.0072
2016-01-29,23.6975,24.335,23.5875,24.335,257666016,0.8125,0.0345
2016-02-01,24.1175,24.1775,23.85,24.1075,163774164,-0.22749999999999915,-0.0093
2016-02-02,23.855,24.01,23.57,23.62,149428860,-0.4875000000000007,-0.0202
2016-02-03,23.75,24.21,23.52,24.0875,183857176,0.4674999999999976,0.0198
2016-02-04,23.965,24.3325,23.7975,24.15,185886608,0.0625,0.0026
2016-02-05,24.13,24.23,23.4225,23.505,185672256,-0.6449999999999996,-0.0267
2016-02-08,23.2825,23.925,23.26,23.7525,216085500,0.24750000000000227,0.0105
2016-02-09,23.5725,23.985,23.4825,23.7475,177324780,-0.005000000000002558,-0.0002
2016-02-10,23.98,24.0875,23.525,23.5675,169374404,-0.17999999999999972,-0.0076
2016-02-11,23.4475,23.68,23.1475,23.425,200298844,-0.1424999999999983,-0.006
2016-02-12,23.5475,23.625,23.2525,23.4975,161405524,0.07249999999999801,0.0031
2016-02-16,23.755,24.2125,23.6525,24.16,196231664,0.6625000000000014,0.0282
2016-02-17,24.1675,24.5525,24.0375,24.53,179452972,0.370000000000001,0.0153
2016-02-18,24.71,24.7225,24.0228,24.065,156083932,-0.46499999999999986,-0.019
2016-02-19,24.0,24.19,23.95,24.01,141496692,-0.054999999999999716,-0.0023
2016-02-22,24.0775,24.225,23.98,24.22,137123032,0.2099999999999973,0.0087
2016-02-23,24.1,24.125,23.6375,23.6725,127770532,-0.5474999999999994,-0.0226
2016-02-24,23.495,24.095,23.33,24.025,145022980,0.35249999999999915,0.0149
2016-02-25,24.0125,24.19,23.8125,24.19,110330636,0.1650000000000027,0.0069
2016-02-26,24.3,24.5059,24.145,24.2275,115964524,0.03749999999999787,0.0016
2016-02-29,24.215,24.5575,24.1625,24.1725,140865108,-0.054999999999999716,-0.0023
2016-03-01,24.4125,25.1925,24.355,25.1325,201628588,0.9600000000000009,0.0397
2016-03-02,25.1275,25.2225,24.91,25.1875,132678240,0.054999999999999716,0.0022
2016-03-03,25.145,25.4275,25.1125,25.375,147822968,0.1875,0.0074
2016-03-04,25.5925,25.9375,25.3425,25.7525,184220400,0.3775000000000013,0.0149
2016-03-07,25.5975,25.7075,25.24,25.4675,143663240,-0.28500000000000014,-0.0111
2016-03-08,25.195,25.44,25.1,25.2575,126247556,-0.21000000000000085,-0.0082
2016-03-09,25.3275,25.395,25.0675,25.28,108806732,0.022500000000000853,0.0009
2016-03-10,25.3525,25.56,25.0375,25.2925,134054308,0.01249999999999929,0.0005
2016-03-11,25.56,25.57,25.375,25.565,109632948,0.27250000000000085,0.0108
2016-03-14,25.4775,25.7275,25.445,25.63,100304248,0.06499999999999773,0.0025
2016-03-15,25.99,26.295,25.9625,26.145,160270936,0.5150000000000006,0.0201
2016-03-16,26.1525,26.5775,26.1475,26.4925,153213972,0.34750000000000014,0.0133
2016-03-17,26.38,26.6175,26.24,26.45,137682820,-0.042500000000000426,-0.0016
2016-03-18,26.585,26.625,26.2975,26.48,176820684,0.030000000000001137,0.0011
2016-03-21,26.4825,26.9125,26.285,26.4775,142010712,-0.002500000000001279,-0.0001
2016-03-22,26.3125,26.8225,26.3025,26.68,129777500,0.20250000000000057,0.0076
2016-03-23,26.62,26.7675,26.475,26.5325,102813980,-0.14750000000000085,-0.0055
2016-03-24,26.3675,26.5625,26.2225,26.4175,104531820,-0.11499999999999844,-0.0043
2016-03-28,26.5,26.5475,26.265,26.2975,77645488,-0.120000000000001,-0.0045
2016-03-29,26.2225,26.9475,26.22,26.92,124760332,0.6225000000000023,0.0237
2016-03-30,27.1625,27.605,27.15,27.39,182404596,0.46999999999999886,0.0175
2016-03-31,27.43,27.475,27.22,27.2475,103553796,-0.14250000000000185,-0.0052
2016-04-01,27.195,27.5,27.05,27.4975,103495800,0.25,0.0092
2016-04-04,27.605,28.0475,27.5675,27.78,149424816,0.2825000000000024,0.0103
2016-04-05,27.3775,27.6825,27.355,27.4525,106314608,-0.32750000000000057,-0.0118
2016-04-06,27.5575,27.745,27.3,27.74,105616308,0.28749999999999787,0.0105
2016-04-07,27.4875,27.605,27.0303,27.135,127207480,-0.6049999999999969,-0.0218
2016-04-08,27.2275,27.4425,27.0425,27.165,94326960,0.029999999999997584,0.0011
2016-04-11,27.2425,27.6525,27.2075,27.255,117630072,0.08999999999999986,0.0033
2016-04-12,27.335,27.625,27.165,27.61,108929300,0.3550000000000004,0.013
2016-04-13,27.7,28.085,27.7,28.01,133029264,0.40000000000000213,0.0145
2016-04-14,27.905,28.0975,27.8325,28.025,101895692,0.014999999999997016,0.0005
2016-04-15,28.0275,28.075,27.4325,27.4625,187755876,-0.5625,-0.0201
2016-04-18,27.2225,27.2375,26.735,26.87,243285844,-0.5924999999999976,-0.0216
2016-04-19,26.97,27.0,26.5575,26.7275,129539516,-0.14250000000000185,-0.0053
2016-04-20,26.66,27.0225,26.515,26.7825,122444120,0.054999999999999716,0.0021
2016-04-21,26.7325,26.7325,26.38,26.4925,126210100,-0.28999999999999915,-0.0108
2016-04-22,26.2525,26.62,26.155,26.42,134732484,-0.07249999999999801,-0.0027
2016-04-25,26.25,26.4125,26.1275,26.27,112126352,-0.15000000000000213,-0.0057
2016-04-26,25.9775,26.325,25.9775,26.0875,224064660,-0.182500000000001,-0.0069
2016-04-27,24.0,24.6775,23.92,24.455,458408568,-1.6325000000000003,-0.0626
2016-04-28,24.4025,24.47,23.5625,23.7075,328970760,-0.7474999999999987,-0.0306
2016-04-29,23.4975,23.68,23.1275,23.435,274125912,-0.27250000000000085,-0.0115
2016-05-02,23.4913,23.52,23.1,23.41,192640416,-0.02499999999999858,-0.0011
2016-05-03,23.55,23.935,23.42,23.795,227325108,0.38500000000000156,0.0164
2016-05-04,23.8,23.975,23.455,23.5475,164101900,-0.24750000000000227,-0.0104
2016-05-05,23.5,23.5175,23.17,23.31,143562000,-0.2375000000000007,-0.0101
2016-05-06,23.3425,23.3625,22.9625,23.18,174799544,-0.129999999999999,-0.0056
2016-05-09,23.25,23.4425,23.1475,23.1975,131745744,0.017500000000001847,0.0008
2016-05-10,23.3325,23.3925,23.0275,23.355,134747344,0.15749999999999886,0.0068
2016-05-11,23.37,23.3925,23.115,23.1275,114876436,-0.22749999999999915,-0.0097
2016-05-12,23.18,23.195,22.3675,22.585,305258760,-0.5425000000000004,-0.0235
2016-05-13,22.5,22.9175,22.5,22.63,177571060,0.04499999999999815,0.002
2016-05-16,23.0975,23.5975,22.9125,23.47,245039024,0.8399999999999999,0.0371
2016-05-17,23.6375,23.675,23.2525,23.3725,187667756,-0.09750000000000014,-0.0042
2016-05-18,23.54,23.8025,23.4725,23.64,168249564,0.26750000000000185,0.0114
2016-05-19,23.66,23.66,23.3925,23.55,121768400,-0.08999999999999986,-0.0038
2016-05-20,23.66,23.8575,23.63,23.805,128103872,0.254999999999999,0.0108
2016-05-23,23.9675,24.2975,23.9175,24.1075,152074572,0.302500000000002,0.0127
2016-05-24,24.305,24.5225,24.21,24.475,140560696,0.3674999999999997,0.0152
2016-05-25,24.6675,24.935,24.5275,24.905,154568432,0.4299999999999997,0.0176
2016-05-26,24.92,25.1825,24.66,25.1025,225324636,0.197499999999998,0.0079
2016-05-27,24.86,25.1175,24.8113,25.0875,145364960,-0.015000000000000568,-0.0006
2016-05-31,24.9,25.1,24.705,24.965,169228848,-0.12249999999999872,-0.0049
2016-06-01,24.755,24.885,24.5825,24.615,116693140,-0.3500000000000014,-0.014
2016-06-02,24.4,24.46,24.1575,24.43,160766400,-0.18499999999999872,-0.0075
2016-06-03,24.4475,24.5675,24.3625,24.48,114019552,0.05000000000000071,0.002
2016-06-06,24.4975,25.4725,24.3875,24.6575,93170016,0.17749999999999844,0.0073
2016-06-07,24.8125,24.9675,24.74,24.7575,89637800,0.10000000000000142,0.0041
2016-06-08,24.755,24.89,24.67,24.735,83392524,-0.022500000000000853,-0.0009
2016-06-09,24.625,24.9975,24.615,24.9125,106405416,0.177500000000002,0.0072
2016-06-10,24.6325,24.8364,24.62,24.7075,126851744,-0.20500000000000185,-0.0082
2016-06-13,24.6725,24.78,24.275,24.335,152081976,-0.3724999999999987,-0.0151
2016-06-14,24.33,24.6188,24.1875,24.365,127727776,0.029999999999997584,0.0012
2016-06-15,24.455,24.6025,24.2575,24.285,117780908,-0.0799999999999983,-0.0033
2016-06-16,24.1125,24.4375,24.0175,24.3875,125307260,0.10249999999999915,0.0042
2016-06-17,24.155,24.1625,23.825,23.8325,244032876,-0.5549999999999997,-0.0228
2016-06-20,24.0,24.1425,23.7575,23.775,137647604,-0.057500000000000995,-0.0024
2016-06-21,23.735,24.0875,23.669,23.9775,142185432,0.20250000000000057,0.0085
2016-06-22,24.0625,24.2225,23.8375,23.8875,116876488,-0.08999999999999986,-0.0038
2016-06-23,23.985,24.0725,23.8125,24.025,128960748,0.1374999999999993,0.0058
2016-06-24,23.2275,23.6638,23.1625,23.35,301245424,-0.6749999999999972,-0.0281
2016-06-27,23.25,23.2625,22.875,23.01,186488752,-0.33999999999999986,-0.0146
2016-06-28,23.225,23.415,23.035,23.3975,161779656,0.3874999999999993,0.0168
2016-06-29,23.4925,23.6375,23.4075,23.6,146124024,0.20250000000000057,0.0087
2016-06-30,23.61,23.9425,23.575,23.9,143345424,0.29999999999999716,0.0127
2016-07-01,23.8725,24.1163,23.8325,23.9725,104106160,0.07250000000000156,0.003
2016-07-05,23.8475,23.85,23.615,23.7475,110820840,-0.22500000000000142,-0.0094
2016-07-06,23.65,23.915,23.5925,23.8825,123796360,0.13500000000000156,0.0057
2016-07-07,23.925,24.125,23.905,23.985,100558232,0.10249999999999915,0.0043
2016-07-08,24.1225,24.2225,24.0125,24.17,115648412,0.18500000000000227,0.0077
2016-07-11,24.1875,24.4125,24.1825,24.245,95179780,0.07499999999999929,0.0031
2016-07-12,24.2925,24.425,24.28,24.355,96669852,0.10999999999999943,0.0045
2016-07-13,24.3525,24.4175,24.21,24.2175,103568684,-0.1374999999999993,-0.0056
2016-07-14,24.3475,24.7475,24.33,24.6975,155675988,0.4800000000000004,0.0198
2016-07-15,24.73,24.825,24.625,24.695,120547960,-0.002500000000001279,-0.0001
2016-07-18,24.675,25.0325,24.65,24.9575,145975468,0.2624999999999993,0.0106
2016-07-19,24.89,25.0,24.835,24.9675,95119696,0.010000000000001563,0.0004
2016-07-20,25.0,25.115,24.9338,24.99,105103872,0.0224999999999973,0.0009
2016-07-21,24.9575,25.25,24.7825,24.8575,130808112,-0.13249999999999673,-0.0053
2016-07-22,24.815,24.825,24.5775,24.665,113254676,-0.19250000000000256,-0.0077
2016-07-25,24.5625,24.71,24.23,24.335,161531684,-0.3299999999999983,-0.0134
2016-07-26,24.205,24.4925,24.105,24.1675,224959288,-0.16750000000000043,-0.0069
2016-07-27,26.0663,26.0875,25.6875,25.7375,369379280,1.5700000000000003,0.065
2016-07-28,25.7075,26.1125,25.705,26.085,159479356,0.34750000000000014,0.0135
2016-07-29,26.0475,26.1375,25.92,26.0525,110934752,-0.032500000000002416,-0.0012
2016-08-01,26.1025,26.5375,26.1025,26.5125,152671484,0.46000000000000085,0.0177
2016-08-02,26.5125,26.5175,26.0,26.12,135266224,-0.3924999999999983,-0.0148
2016-08-03,26.2025,26.46,26.1925,26.4475,120810564,0.32750000000000057,0.0125
2016-08-04,26.395,26.5,26.32,26.4675,109634600,0.019999999999999574,0.0008
2016-08-05,26.5675,26.9125,26.545,26.87,162213608,0.40249999999999986,0.0152
2016-08-08,26.88,27.0925,26.79,27.0925,112148880,0.22250000000000014,0.0083
2016-08-09,27.0575,27.235,27.0025,27.2025,105260816,0.10999999999999943,0.0041
2016-08-10,27.1775,27.225,26.94,27.0,96034020,-0.20250000000000057,-0.0074
2016-08-11,27.13,27.2325,26.9625,26.9825,109938024,-0.017499999999998295,-0.0006
2016-08-12,26.945,27.11,26.945,27.045,74641736,0.0625,0.0023
2016-08-15,27.035,27.385,27.02,27.37,103472836,0.3249999999999993,0.012
2016-08-16,27.4075,27.5575,27.3025,27.345,135177792,-0.02500000000000213,-0.0009
2016-08-17,27.275,27.3425,27.085,27.305,101423904,-0.03999999999999915,-0.0015
2016-08-18,27.3075,27.4,27.255,27.27,87938812,-0.03500000000000014,-0.0013
2016-08-19,27.1925,27.4225,27.09,27.34,101472288,0.07000000000000028,0.0026
2016-08-22,27.215,27.275,26.9625,27.1275,103280920,-0.21249999999999858,-0.0078
2016-08-23,27.1475,27.33,27.1325,27.2125,85030676,0.0849999999999973,0.0031
2016-08-24,27.1413,27.1875,26.92,27.0075,94700324,-0.2049999999999983,-0.0075
2016-08-25,26.8475,26.97,26.67,26.8925,100344992,-0.11500000000000199,-0.0043
2016-08-26,26.8525,26.9875,26.5775,26.735,111065164,-0.15749999999999886,-0.0059
2016-08-29,26.655,26.86,26.5725,26.705,99881200,-0.030000000000001137,-0.0011
2016-08-30,26.45,26.625,26.375,26.5,99455780,-0.2049999999999983,-0.0077
2016-08-31,26.415,26.6425,26.41,26.525,118649624,0.02499999999999858,0.0009
2016-09-01,26.535,26.7,26.405,26.6825,106806092,0.15750000000000242,0.0059
2016-09-02,26.925,27.0,26.705,26.9325,107209800,0.25,0.0094
2016-09-06,26.975,27.075,26.8775,26.925,107521564,-0.007500000000000284,-0.0003
2016-09-07,26.9575,27.19,26.7675,27.09,169457312,0.16499999999999915,0.0061
2016-09-08,26.8125,26.8175,26.31,26.38,212008104,-0.7100000000000009,-0.0262
2016-09-09,26.16,26.43,25.7825,25.7825,186227936,-0.5975000000000001,-0.0226
2016-09-12,25.6625,26.43,25.6325,26.36,181171080,0.5775000000000006,0.0224
2016-09-13,26.8775,27.1975,26.81,26.9875,248704760,0.6275000000000013,0.0238
2016-09-14,27.1825,28.2575,27.15,27.9425,449361272,0.9549999999999983,0.0354
2016-09-15,28.465,28.9325,28.3725,28.8925,362452708,0.9499999999999993,0.034
2016-09-16,28.78,29.0325,28.51,28.73,319547644,-0.16249999999999787,-0.0056
2016-09-19,28.7975,29.045,28.3125,28.395,188092184,-0.33500000000000085,-0.0117
2016-09-20,28.2625,28.53,28.1275,28.3925,138057076,-0.002500000000001279,-0.0001
2016-09-21,28.4625,28.4973,28.1103,28.3875,144012740,-0.004999999999999005,-0.0002
2016-09-22,28.5875,28.735,28.5,28.655,124295936,0.26750000000000185,0.0094
2016-09-23,28.605,28.6975,27.8875,28.1775,209924604,-0.4775000000000027,-0.0167
2016-09-26,27.91,28.3475,27.8875,28.22,119477768,0.042500000000000426,0.0015
2016-09-27,28.25,28.295,28.085,28.2725,98429648,0.05250000000000199,0.0019
2016-09-28,28.4225,28.66,28.3575,28.4875,118564340,0.21499999999999986,0.0076
2016-09-29,28.29,28.45,27.95,28.045,143547960,-0.442499999999999,-0.0155
2016-09-30,28.115,28.3425,27.95,28.2625,145516424,0.21749999999999758,0.0078
2016-10-03,28.1775,28.2625,28.07,28.13,86807040,-0.13250000000000028,-0.0047
2016-10-04,28.265,28.5775,28.1575,28.25,118947340,0.120000000000001,0.0043
2016-10-05,28.35,28.415,28.1725,28.2625,85812356,0.01249999999999929,0.0004
2016-10-06,28.425,28.585,28.2825,28.4725,115117252,0.21000000000000085,0.0074
2016-10-07,28.5775,28.64,28.3775,28.515,97433772,0.042500000000000426,0.0015
2016-10-10,28.755,29.1875,28.68,29.0125,144943824,0.4974999999999987,0.0174
2016-10-11,29.425,29.6725,29.05,29.075,256164172,0.0625,0.0022
2016-10-12,29.3375,29.495,29.1875,29.335,150347148,0.26000000000000156,0.0089
2016-10-13,29.1975,29.36,28.93,29.245,140769624,-0.08999999999999986,-0.0031
2016-10-14,29.47,29.5425,29.2825,29.4075,142608764,0.16249999999999787,0.0056
2016-10-17,29.3325,29.46,29.195,29.3875,94499584,-0.019999999999999574,-0.0007
2016-10-18,29.545,29.5525,29.3625,29.3675,98213912,-0.019999999999999574,-0.0007
2016-10-19,29.3125,29.44,28.45,29.28,80138376,-0.08749999999999858,-0.003
2016-10-20,29.215,29.345,29.0825,29.265,96503204,-0.015000000000000568,-0.0005
2016-10-21,29.2025,29.2275,29.07,29.15,92770660,-0.11500000000000199,-0.0039
2016-10-24,29.275,29.435,29.25,29.4125,94154692,0.26250000000000284,0.009
2016-10-25,29.4875,29.59,29.3275,29.5625,192515880,0.14999999999999858,0.0051
2016-10-26,28.5775,28.925,28.3275,28.8975,264536876,-0.6649999999999991,-0.0225
2016-10-27,28.8475,28.965,28.525,28.62,138248180,-0.27749999999999986,-0.0096
2016-10-28,28.4675,28.8025,28.3625,28.43,151446648,-0.19000000000000128,-0.0066
2016-10-31,28.4125,28.5575,28.3,28.385,105677592,-0.04499999999999815,-0.0016
2016-11-01,28.365,28.4425,27.6325,27.8725,175303248,-0.5125000000000028,-0.0181
2016-11-02,27.85,28.0875,27.8075,27.8975,113326836,0.02500000000000213,0.0009
2016-11-03,27.745,27.865,27.3875,27.4575,107730408,-0.4400000000000013,-0.0158
2016-11-04,27.1325,27.5625,27.0275,27.21,123347988,-0.24749999999999872,-0.009
2016-11-07,27.52,27.6275,27.365,27.6025,130240000,0.3924999999999983,0.0144
2016-11-08,27.5775,27.93,27.425,27.765,97016716,0.16250000000000142,0.0059
2016-11-09,27.47,27.83,27.0125,27.72,236705444,-0.045000000000001705,-0.0016
2016-11-10,27.7725,27.7725,26.4575,26.9475,228538164,-0.7724999999999973,-0.0279
2016-11-11,26.78,27.2175,26.6375,27.1075,136575592,0.16000000000000014,0.0059
2016-11-14,26.9275,26.9523,26.02,26.4275,204702016,-0.6800000000000033,-0.0251
2016-11-15,26.6425,26.92,26.5398,26.7775,129058040,0.3500000000000014,0.0132
2016-11-16,26.675,27.5575,26.65,27.4975,235362088,0.7199999999999989,0.0269
2016-11-17,27.4525,27.5875,27.2075,27.4875,110528012,-0.00999999999999801,-0.0004
2016-11-18,27.43,27.635,27.415,27.515,113715668,0.027499999999999858,0.001
2016-11-21,27.53,27.9975,27.5025,27.9325,117058284,0.4175000000000004,0.0152
2016-11-22,27.9875,28.105,27.85,27.95,103862136,0.017499999999998295,0.0006
2016-11-23,27.84,27.8775,27.5825,27.8075,109705576,-0.1424999999999983,-0.0051
2016-11-25,27.7825,27.9675,27.7375,27.9475,45903688,0.14000000000000057,0.005
2016-11-28,27.8575,28.1163,27.8475,27.8925,108775932,-0.05500000000000327,-0.002
2016-11-29,27.695,28.0075,27.5175,27.865,114115000,-0.027499999999999858,-0.001
2016-11-30,27.9,28.05,27.5675,27.63,144649032,-0.23499999999999943,-0.0084
2016-12-01,27.5913,27.735,27.2575,27.3725,148347448,-0.2575000000000003,-0.0093
2016-12-02,27.2925,27.5225,27.2125,27.475,106111988,0.1025000000000027,0.0037
2016-12-05,27.5,27.5075,27.0625,27.2775,137298160,-0.19750000000000156,-0.0072
2016-12-06,27.375,27.59,27.2975,27.4875,104781848,0.21000000000000085,0.0077
2016-12-07,27.315,27.7975,27.29,27.7575,119994876,0.2699999999999996,0.0098
2016-12-08,27.715,28.1075,27.65,28.03,108273264,0.27250000000000085,0.0098
2016-12-09,28.0775,28.675,28.0775,28.4875,137610508,0.4574999999999996,0.0163
2016-12-12,28.3225,28.75,28.1225,28.325,105497508,-0.16250000000000142,-0.0057
2016-12-13,28.46,28.98,28.4375,28.7975,174935244,0.47250000000000014,0.0167
2016-12-14,28.76,29.05,28.745,28.7975,136127336,0.0,0.0
2016-12-15,28.845,29.1825,28.8075,28.955,186098176,0.15749999999999886,0.0055
2016-12-16,29.1175,29.125,28.9113,28.9925,177404536,0.03750000000000142,0.0013
2016-12-19,28.95,29.345,28.9375,29.16,111117692,0.16750000000000043,0.0058
2016-12-20,29.185,29.375,29.17,29.2375,85699860,0.07750000000000057,0.0027
2016-12-21,29.2,29.35,29.195,29.265,95132660,0.027499999999999858,0.0009
2016-12-22,29.0875,29.1275,28.91,29.0725,104343416,-0.192499999999999,-0.0066
2016-12-23,28.8975,29.13,28.8975,29.13,56997936,0.05749999999999744,0.002
2016-12-27,29.13,29.45,29.1225,29.315,73187420,0.18500000000000227,0.0064
2016-12-28,29.38,29.5042,29.05,29.19,83623568,-0.125,-0.0043
2016-12-29,29.1125,29.2774,29.1,29.1825,60158076,-0.007500000000000284,-0.0003
2016-12-30,29.1625,29.3,28.8575,28.955,122345060,-0.2275000000000027,-0.0078
2017-01-03,28.95,29.0825,28.69,29.0375,115127460,0.08250000000000313,0.0028
2017-01-04,28.9625,29.1275,28.9375,29.005,84472464,-0.032500000000002416,-0.0011
2017-01-05,28.98,29.2161,28.9525,29.1525,88774348,0.14750000000000085,0.0051
2017-01-06,29.195,29.54,29.1175,29.4775,127007600,0.3249999999999993,0.0111
2017-01-09,29.4875,29.8575,29.485,29.7475,134247792,0.2699999999999996,0.0092
2017-01-10,29.6925,29.845,29.575,29.7775,97848204,0.030000000000001137,0.001
2017-01-11,29.685,29.9825,29.65,29.9375,110354372,0.16000000000000014,0.0054
2017-01-12,29.7238,29.825,29.5525,29.8125,108344880,-0.125,-0.0042
2017-01-13,29.7775,29.905,29.7025,29.76,104447792,-0.05249999999999844,-0.0018
2017-01-17,29.585,30.06,29.555,30.0,137759372,0.23999999999999844,0.0081
2017-01-18,30.0,30.125,29.9275,29.9975,94851844,-0.002500000000001279,-0.0001
2017-01-19,29.85,30.0225,29.8425,29.945,102389164,-0.05249999999999844,-0.0018
2017-01-20,30.1125,30.1125,29.9337,30.0,130391568,0.054999999999999716,0.0018
2017-01-23,30.0,30.2025,29.9425,30.02,88200872,0.019999999999999574,0.0007
2017-01-24,29.8875,30.025,29.875,29.9925,92844152,-0.027499999999999858,-0.0009
2017-01-25,30.105,30.525,30.07,30.47,130346692,0.47749999999999915,0.0159
2017-01-26,30.4175,30.61,30.4,30.485,105350304,0.015000000000000568,0.0005
2017-01-27,30.535,30.5875,30.4,30.4875,82251776,0.002500000000001279,0.0001
2017-01-30,30.2325,30.4075,30.165,30.4075,121510012,-0.08000000000000185,-0.0026
2017-01-31,30.2875,30.3475,30.155,30.3375,196803972,-0.07000000000000028,-0.0023
2017-02-01,31.7575,32.6225,31.7525,32.1875,447940160,1.8500000000000014,0.061
2017-02-02,31.9938,32.3475,31.945,32.1325,134841644,-0.054999999999999716,-0.0017
2017-02-03,32.0775,32.2975,32.04,32.27,98029204,0.13750000000000284,0.0043
2017-02-06,32.2825,32.625,32.225,32.5725,107383696,0.3024999999999949,0.0094
2017-02-07,32.635,33.0225,32.6125,32.8825,152735364,0.3100000000000023,0.0095
2017-02-08,32.8375,33.055,32.805,33.01,92016288,0.12749999999999773,0.0039
2017-02-09,32.9125,33.1113,32.78,33.105,113399436,0.09499999999999886,0.0029
2017-02-10,33.115,33.235,33.0125,33.03,80261832,-0.07499999999999574,-0.0023
2017-02-13,33.27,33.455,33.1875,33.3225,92141684,0.2924999999999969,0.0089
2017-02-14,33.3675,33.7725,33.3125,33.755,132904892,0.43250000000000455,0.013
2017-02-15,33.88,34.0675,33.655,33.8775,142492400,0.12249999999999517,0.0036
2017-02-16,33.9175,33.975,33.71,33.8363,90338220,-0.04119999999999635,-0.0012
2017-02-17,33.775,33.9575,33.775,33.93,88792788,0.09369999999999834,0.0028
2017-02-21,34.0575,34.1875,33.995,34.175,98028624,0.24499999999999744,0.0072
2017-02-22,34.1075,34.28,34.0275,34.2775,83347728,0.10250000000000625,0.003
2017-02-23,34.345,34.37,34.075,34.1325,83152744,-0.14500000000000313,-0.0042
2017-02-24,33.9775,34.165,33.82,34.165,87106340,0.03249999999999886,0.001
2017-02-27,34.285,34.3588,34.07,34.2325,81029704,0.06750000000000256,0.002
2017-02-28,34.27,34.3588,34.175,34.2475,93931440,0.015000000000000568,0.0004
2017-03-01,34.4725,35.0375,34.3988,34.9475,145658340,0.6999999999999957,0.0204
2017-03-02,35.0,35.0697,34.69,34.74,104843936,-0.20749999999999602,-0.0059
2017-03-03,34.695,34.9575,34.6475,34.945,86284484,0.2049999999999983,0.0059
2017-03-06,34.8413,34.9425,34.649,34.835,87000176,-0.10999999999999943,-0.0031
2017-03-07,34.765,34.995,34.6975,34.88,69785188,0.045000000000001705,0.0013
2017-03-08,34.7375,34.95,34.705,34.75,74828944,-0.13000000000000256,-0.0037
2017-03-09,34.685,34.6975,34.2625,34.67,88623616,-0.0799999999999983,-0.0023
2017-03-10,34.8125,34.8393,34.66,34.785,78451204,0.11499999999999488,0.0033
2017-03-13,34.7125,34.8575,34.705,34.8,69686868,0.015000000000000568,0.0004
2017-03-14,34.825,34.9125,34.71,34.7475,61236260,-0.052499999999994884,-0.0015
2017-03-15,34.8525,35.1875,34.7563,35.115,102767096,0.3674999999999997,0.0106
2017-03-16,35.18,35.255,35.065,35.1725,76927992,0.05749999999999744,0.0016
2017-03-17,35.25,35.25,34.9725,34.9975,175539808,-0.17499999999999716,-0.005
2017-03-20,35.1,35.375,35.0575,35.365,86168152,0.3674999999999997,0.0105
2017-03-21,35.5275,35.7,34.9325,34.96,158119648,-0.40500000000000114,-0.0115
2017-03-22,34.9613,35.4,34.94,35.355,103440660,0.394999999999996,0.0113
2017-03-23,35.315,35.3961,35.1525,35.23,81385204,-0.125,-0.0035
2017-03-24,35.375,35.435,35.0875,35.16,89582252,-0.07000000000000028,-0.002
2017-03-27,34.8475,35.305,34.655,35.22,94300376,0.060000000000002274,0.0017
2017-03-28,35.2275,36.01,35.155,35.95,133499220,0.730000000000004,0.0207
2017-03-29,35.92,36.1225,35.7975,36.03,116759820,0.0799999999999983,0.0022
2017-03-30,36.0475,36.125,35.875,35.9825,84829008,-0.04749999999999943,-0.0013
2017-03-31,35.93,36.0675,35.7525,35.915,78646604,-0.06750000000000256,-0.0019
2017-04-03,35.9275,36.03,35.7625,35.925,79942856,0.00999999999999801,0.0003
2017-04-04,35.8125,36.2225,35.7925,36.1925,79565416,0.2675000000000054,0.0074
2017-04-05,36.055,36.365,35.9525,36.005,110871416,-0.1875,-0.0052
2017-04-06,36.0725,36.13,35.8625,35.915,84596136,-0.09000000000000341,-0.0025
2017-04-07,35.9325,36.045,35.8175,35.835,66688792,-0.0799999999999983,-0.0022
2017-04-10,35.9,35.9698,35.725,35.7925,75733588,-0.04250000000000398,-0.0012
2017-04-11,35.735,35.8375,35.015,35.4075,121517504,-0.384999999999998,-0.0108
2017-04-12,35.4,35.5375,35.2525,35.45,81400000,0.04250000000000398,0.0012
2017-04-13,35.4775,35.595,35.2625,35.2625,71291520,-0.1875,-0.0053
2017-04-17,35.37,35.47,35.2175,35.4575,66328376,0.19500000000000028,0.0055
2017-04-18,35.3525,35.51,35.2775,35.3,58790176,-0.15750000000000597,-0.0044
2017-04-19,35.47,35.5,35.1125,35.17,69313500,-0.12999999999999545,-0.0037
2017-04-20,35.305,35.73,35.29,35.61,93278248,0.4399999999999977,0.0125
2017-04-21,35.61,35.67,35.4625,35.5675,69283712,-0.042499999999996874,-0.0012
2017-04-24,35.875,35.9875,35.795,35.91,68537332,0.34249999999999403,0.0096
2017-04-25,35.9775,36.225,35.9675,36.1325,75486004,0.2225000000000037,0.0062
2017-04-26,36.1175,36.15,35.8441,35.92,80164964,-0.21249999999999858,-0.0059
2017-04-27,35.9806,36.04,35.8275,35.9475,56985388,0.027499999999996305,0.0008
2017-04-28,36.0225,36.075,35.8175,35.9125,83441432,-0.03499999999999659,-0.001
2017-05-01,36.275,36.8,36.24,36.645,134411772,0.7325000000000017,0.0204
2017-05-02,36.885,37.0225,36.71,36.8775,181408776,0.2324999999999946,0.0063
2017-05-03,36.3975,36.8725,36.0675,36.765,182788136,-0.11249999999999716,-0.0031
2017-05-04,36.63,36.785,36.4525,36.6325,93487488,-0.13250000000000028,-0.0036
2017-05-05,36.69,37.245,36.69,37.24,109310900,0.6075000000000017,0.0166
2017-05-08,37.2575,38.425,37.2575,38.2525,195009652,1.0124999999999957,0.0272
2017-05-09,38.4675,38.72,38.3625,38.4975,156521452,0.24500000000000455,0.0064
2017-05-10,38.4075,38.485,38.0275,38.315,103222768,-0.18250000000000455,-0.0047
2017-05-11,38.1125,38.5175,38.0775,38.4875,109020232,0.17249999999999943,0.0045
2017-05-12,38.675,39.105,38.6675,39.025,130108068,0.5375000000000014,0.014
2017-05-15,39.0025,39.1625,38.7625,38.925,104038876,-0.10000000000000142,-0.0026
2017-05-16,38.985,39.015,38.68,38.8675,80193912,-0.05749999999999744,-0.0015
2017-05-17,38.4,38.6425,37.4275,37.5625,203070712,-1.3049999999999997,-0.0336
2017-05-18,37.8175,38.335,37.7825,38.135,134272860,0.572499999999998,0.0152
2017-05-19,38.345,38.495,38.1575,38.265,107843152,0.13000000000000256,0.0034
2017-05-22,38.5,38.645,38.2275,38.4975,91865748,0.2325000000000017,0.0061
2017-05-23,38.725,38.725,38.3275,38.45,79675484,-0.04749999999999943,-0.0012
2017-05-24,38.46,38.5425,38.1675,38.335,76876616,-0.11500000000000199,-0.003
2017-05-25,38.4325,38.5875,38.2575,38.4675,76942392,0.13250000000000028,0.0035
2017-05-26,38.5,38.56,38.3275,38.4025,87710548,-0.06499999999999773,-0.0017
2017-05-30,38.355,38.6075,38.3325,38.4175,80507404,0.014999999999993463,0.0004
2017-05-31,38.4925,38.5425,38.095,38.19,97804656,-0.22749999999999915,-0.0059
2017-06-01,38.2925,38.3325,38.055,38.295,65616352,0.10500000000000398,0.0027
2017-06-02,38.395,38.8625,38.2225,38.8625,111082860,0.5674999999999955,0.0148
2017-06-05,38.585,38.6125,38.365,38.4825,101326648,-0.37999999999999545,-0.0098
2017-06-06,38.475,38.9525,38.445,38.6125,106499704,0.12999999999999545,0.0034
2017-06-07,38.755,38.995,38.62,38.8425,84278588,0.23000000000000398,0.006
2017-06-08,38.8125,38.885,38.6,38.7475,85003192,-0.09499999999999886,-0.0024
2017-06-09,38.7975,38.7975,36.505,37.245,259530628,-1.5025000000000048,-0.0388
2017-06-12,36.435,36.5225,35.6275,36.355,289229320,-0.8900000000000006,-0.0239
2017-06-13,36.79,36.8625,36.2875,36.6475,136661780,0.292500000000004,0.008
2017-06-14,36.875,36.875,35.96,36.29,126124928,-0.3575000000000017,-0.0098
2017-06-15,35.83,36.12,35.5525,36.0725,128661492,-0.21750000000000114,-0.006
2017-06-16,35.945,36.125,35.55,35.5675,201444372,-0.5049999999999955,-0.014
2017-06-19,35.915,36.685,35.915,36.585,130165616,1.0174999999999983,0.0286
2017-06-20,36.7175,36.7175,36.235,36.2525,99600292,-0.3325000000000031,-0.0091
2017-06-21,36.38,36.5173,36.1525,36.4675,85063004,0.2150000000000034,0.0059
2017-06-22,36.4425,36.675,36.28,36.4075,76425176,-0.060000000000002274,-0.0016
2017-06-23,36.2825,36.79,36.2775,36.57,141757556,0.16250000000000142,0.0045
2017-06-26,36.7925,37.07,36.345,36.455,102769444,-0.11500000000000199,-0.0031
2017-06-27,36.2525,36.54,35.905,35.9325,99047564,-0.5225000000000009,-0.0143
2017-06-28,36.1225,36.5275,35.79,36.4575,88329728,0.5250000000000057,0.0146
2017-06-29,36.1775,36.2825,35.57,35.92,125997472,-0.5375000000000014,-0.0147
2017-06-30,36.1125,36.24,35.945,36.005,92096428,0.08500000000000085,0.0024
2017-07-05,35.9225,36.1975,35.6809,36.0225,86278228,0.017499999999998295,0.0005
2017-07-06,35.755,35.875,35.6025,35.6825,96515128,-0.3400000000000034,-0.0094
2017-07-07,35.725,36.1875,35.725,36.045,76806848,0.36250000000000426,0.0102
2017-07-10,36.0275,36.4875,35.8425,36.265,84362544,0.21999999999999886,0.0061
2017-07-11,36.1825,36.4625,36.095,36.3825,79127344,0.11749999999999972,0.0032
2017-07-12,36.4675,36.545,36.205,36.435,99537912,0.05250000000000199,0.0014
2017-07-13,36.375,37.1225,36.36,36.9425,100797492,0.5075000000000003,0.0139
2017-07-14,36.9925,37.3325,36.8325,37.26,80528244,0.31749999999999545,0.0086
2017-07-17,37.205,37.725,37.1425,37.39,95173824,0.13000000000000256,0.0035
2017-07-18,37.3,37.5325,37.1675,37.52,71475168,0.13000000000000256,0.0035
2017-07-19,37.62,37.855,37.4875,37.755,83691876,0.23499999999999943,0.0063
2017-07-20,37.875,37.935,37.5475,37.585,68974992,-0.1700000000000017,-0.0045
2017-07-21,37.4975,37.61,37.22,37.5675,105010520,-0.017499999999998295,-0.0005
2017-07-24,37.645,38.11,37.475,38.0225,85972640,0.4549999999999983,0.0121
2017-07-25,37.95,38.46,37.95,38.185,75415728,0.16250000000000142,0.0043
2017-07-26,38.3375,38.4825,38.265,38.365,63123804,0.17999999999999972,0.0047
2017-07-27,38.4375,38.4975,36.825,37.64,129905348,-0.7250000000000014,-0.0189
2017-07-28,37.4725,37.5575,37.2975,37.375,68854612,-0.26500000000000057,-0.007
2017-07-31,37.475,37.5825,37.0325,37.1825,79383680,-0.19250000000000256,-0.0052
2017-08-01,37.275,37.555,37.1025,37.5125,141474580,0.3300000000000054,0.0089
2017-08-02,39.82,39.9375,39.04,39.285,279747200,1.7724999999999937,0.0473
2017-08-03,39.2625,39.3025,38.755,38.8925,108389184,-0.3924999999999983,-0.01
2017-08-04,39.0175,39.35,38.9225,39.0975,82239408,0.2049999999999983,0.0053
2017-08-07,39.265,39.73,39.1675,39.7025,87481284,0.605000000000004,0.0155
2017-08-08,39.65,40.4575,39.5675,40.02,144823584,0.31750000000000256,0.008
2017-08-09,39.815,40.3175,39.7775,40.265,104526120,0.24499999999999744,0.0061
2017-08-10,39.975,40.0,38.6575,38.83,163217092,-1.4350000000000023,-0.0356
2017-08-11,39.15,39.6432,39.0175,39.37,105028384,0.5399999999999991,0.0139
2017-08-14,39.83,40.0525,39.6875,39.9625,88490936,0.5925000000000011,0.015
2017-08-15,40.165,40.5488,40.035,40.4,117861948,0.4375,0.0109
2017-08-16,40.485,40.6275,40.0375,40.2375,110686448,-0.16250000000000142,-0.004
2017-08-17,40.13,40.1775,39.46,39.465,111762260,-0.7724999999999937,-0.0192
2017-08-18,39.465,39.875,39.18,39.375,109712276,-0.09000000000000341,-0.0023
2017-08-21,39.375,39.4725,38.7775,39.3025,105474112,-0.07249999999999801,-0.0018
2017-08-22,39.5575,40.0,39.505,39.945,86418340,0.6424999999999983,0.0163
2017-08-23,39.7675,40.1175,39.72,39.995,77596324,0.04999999999999716,0.0013
2017-08-24,40.1075,40.185,39.6375,39.8175,79275672,-0.17749999999999488,-0.0044
2017-08-25,39.9125,40.14,39.8175,39.965,101920252,0.14750000000000085,0.0037
2017-08-28,40.035,40.5,39.9825,40.3675,103863888,0.4024999999999963,0.0101
2017-08-29,40.025,40.78,40.0,40.7275,118067640,0.35999999999999943,0.0089
2017-08-30,40.95,40.9725,40.6525,40.8375,109078336,0.10999999999999943,0.0027
2017-08-31,40.91,41.13,40.87,41.0,107140384,0.16250000000000142,0.004
2017-09-01,41.2,41.235,40.9075,41.0125,66364204,0.012500000000002842,0.0003
2017-09-05,40.9375,41.0625,40.14,40.52,118145256,-0.4924999999999997,-0.012
2017-09-06,40.6775,40.7475,40.13,40.4775,86606904,-0.04250000000000398,-0.001
2017-09-07,40.5225,40.56,40.09,40.315,87714008,-0.16250000000000142,-0.004
2017-09-08,40.215,40.2875,39.6325,39.6575,114446140,-0.6574999999999989,-0.0163
2017-09-11,40.125,40.5125,39.9725,40.375,126323192,0.7175000000000011,0.0181
2017-09-12,40.6525,40.99,39.6925,40.215,286289660,-0.1599999999999966,-0.004
2017-09-13,39.9675,39.99,39.4775,39.9125,179441900,-0.302500000000002,-0.0075
2017-09-14,39.7475,39.85,39.5225,39.57,93339900,-0.34250000000000114,-0.0086
2017-09-15,39.6175,40.2425,39.5,39.97,195043788,0.3999999999999986,0.0101
2017-09-18,40.0275,40.125,39.4988,39.6675,112629128,-0.302500000000002,-0.0076
2017-09-19,39.8775,39.9425,39.61,39.6825,82257600,0.015000000000000568,0.0004
2017-09-20,39.475,39.565,38.4575,39.0175,208500836,-0.6649999999999991,-0.0168
2017-09-21,38.95,38.95,38.1875,38.3475,149338040,-0.6700000000000017,-0.0172
2017-09-22,38.005,38.0675,37.64,37.9725,186581772,-0.375,-0.0098
2017-09-25,37.4975,37.9575,37.29,37.6375,177549344,-0.33499999999999375,-0.0088
2017-09-26,37.945,38.48,37.9225,38.285,146640180,0.6474999999999937,0.0172
2017-09-27,38.45,38.6797,38.385,38.5575,102016908,0.27250000000000085,0.0071
2017-09-28,38.4725,38.57,38.175,38.32,88021820,-0.23749999999999716,-0.0062
2017-09-29,38.3025,38.5325,38.0,38.53,105199240,0.21000000000000085,0.0055
2017-10-02,38.565,38.6125,38.18,38.4525,74795368,-0.07750000000000057,-0.002
2017-10-03,38.5025,38.7725,38.4775,38.62,64921172,0.16749999999999687,0.0044
2017-10-04,38.4075,38.465,38.115,38.37,80655000,-0.25,-0.0065
2017-10-05,38.545,38.86,38.5125,38.8475,85135076,0.47749999999999915,0.0124
2017-10-06,38.7425,38.8725,38.64,38.825,69630232,-0.022499999999993747,-0.0006
2017-10-09,38.9525,39.1825,38.8713,38.96,65051692,0.134999999999998,0.0035
2017-10-10,39.0138,39.5,38.775,38.975,62468056,0.015000000000000568,0.0004
2017-10-11,38.9925,39.245,38.9375,39.1375,67622560,0.16250000000000142,0.0042
2017-10-12,39.0875,39.3425,38.9325,39.0,64500216,-0.13750000000000284,-0.0035
2017-10-13,39.1825,39.32,39.1025,39.2475,65576752,0.24750000000000227,0.0063
2017-10-16,39.475,40.0,39.4125,39.97,96485808,0.7224999999999966,0.0184
2017-10-17,39.945,40.2175,39.8075,40.1175,75989100,0.14750000000000085,0.0037
2017-10-18,40.105,40.1775,39.9,39.94,65496656,-0.177500000000002,-0.0044
2017-10-19,39.1875,39.27,38.755,38.995,170336664,-0.9450000000000003,-0.0237
2017-10-20,39.1525,39.4375,38.99,39.0625,95896584,0.06750000000000256,0.0017
2017-10-23,39.2225,39.4225,38.875,39.0425,87937308,-0.020000000000003126,-0.0005
2017-10-24,39.0725,39.355,39.05,39.275,71028920,0.2325000000000017,0.006
2017-10-25,39.2275,39.3875,38.8175,39.1025,84828392,-0.17249999999999943,-0.0044
2017-10-26,39.3075,39.4574,39.195,39.3525,68001876,0.25,0.0064
2017-10-27,39.8225,40.9,39.675,40.7625,177816640,1.4100000000000037,0.0358
2017-10-30,40.9725,42.0175,40.93,41.68,178803088,0.9174999999999969,0.0225
2017-10-31,41.975,42.4125,41.735,42.26,144187312,0.5799999999999983,0.0139
2017-11-01,42.4675,42.485,41.4025,41.7225,134551048,-0.5375000000000014,-0.0127
2017-11-02,41.91,42.125,41.32,42.0275,165573492,0.3050000000000068,0.0073
2017-11-03,43.5,43.565,42.78,43.125,237594524,1.0974999999999966,0.0261
2017-11-06,43.0913,43.7475,42.93,43.5625,140105224,0.4375,0.0101
2017-11-07,43.4775,43.8125,43.4,43.7025,97445940,0.14000000000000057,0.0032
2017-11-08,43.665,44.06,43.5825,44.06,97638108,0.3575000000000017,0.0082
2017-11-09,43.7775,44.0238,43.285,43.97,117930384,-0.09000000000000341,-0.002
2017-11-10,43.7775,43.845,43.5675,43.6675,100582000,-0.302500000000002,-0.0069
2017-11-13,43.375,43.625,43.35,43.4925,67928320,-0.17499999999999716,-0.004
2017-11-14,43.26,43.37,42.795,42.835,99129948,-0.6574999999999989,-0.0151
2017-11-15,42.4925,42.5799,42.095,42.27,116632280,-0.5649999999999977,-0.0132
2017-11-16,42.795,42.9675,42.575,42.775,94549936,0.5049999999999955,0.0119
2017-11-17,42.76,42.8475,42.41,42.5375,87598176,-0.23749999999999716,-0.0056
2017-11-20,42.5725,42.64,42.39,42.495,65049788,-0.04250000000000398,-0.001
2017-11-21,42.695,43.425,42.695,43.285,100525180,0.7899999999999991,0.0186
2017-11-22,43.34,43.75,43.2625,43.74,102355700,0.4550000000000054,0.0105
2017-11-24,43.775,43.875,43.6615,43.7425,56106692,0.0024999999999977263,0.0001
2017-11-27,43.7625,43.77,43.335,43.5225,82867208,-0.21999999999999886,-0.005
2017-11-28,43.575,43.7175,42.965,43.2675,105715208,-0.25500000000000256,-0.0059
2017-11-29,43.1575,43.23,41.79,42.37,166665456,-0.8975000000000009,-0.0207
2017-11-30,42.6075,43.035,42.11,42.9625,166108872,0.5925000000000011,0.014
2017-12-01,42.4875,42.9175,42.125,42.7625,159037152,-0.19999999999999574,-0.0047
2017-12-04,43.12,43.155,42.4075,42.45,130169540,-0.3125,-0.0073
2017-12-05,42.265,42.88,42.1,42.41,109400616,-0.04000000000000625,-0.0009
2017-12-06,41.875,42.5512,41.615,42.2525,114240000,-0.15749999999999886,-0.0037
2017-12-07,42.2575,42.61,42.2275,42.33,102693232,0.07750000000000057,0.0018
2017-12-08,42.6225,42.75,42.205,42.3425,93420924,0.012500000000002842,0.0003
2017-12-11,42.3,43.2225,42.1975,43.1675,141095036,0.8249999999999957,0.0195
2017-12-12,43.0375,43.0975,42.8653,42.925,77636920,-0.24249999999999972,-0.0056
2017-12-13,43.125,43.385,43.0,43.0675,95273788,0.1425000000000054,0.0033
2017-12-14,43.1,43.2825,42.9125,43.055,81906164,-0.012500000000002842,-0.0003
2017-12-15,43.4075,43.5425,43.115,43.4925,160677228,0.4375,0.0102
2017-12-18,43.72,44.3,43.715,44.105,117684456,0.6124999999999972,0.0141
2017-12-19,43.7575,43.8475,43.5225,43.635,109745788,-0.46999999999999886,-0.0107
2017-12-20,43.7175,43.855,43.3125,43.5875,93902596,-0.04749999999999943,-0.0011
2017-12-21,43.5425,44.005,43.525,43.7525,83799584,0.16499999999999915,0.0038
2017-12-22,43.67,43.856,43.625,43.7525,65397776,0.0,0.0
2017-12-26,42.7,42.8675,42.4198,42.6425,132742144,-1.1099999999999994,-0.0254
2017-12-27,42.525,42.695,42.4275,42.65,85992852,0.007500000000000284,0.0002
2017-12-28,42.75,42.9625,42.62,42.77,65920748,0.12000000000000455,0.0028
2017-12-29,42.63,42.6475,42.305,42.3075,103999688,-0.4625000000000057,-0.0108
2018-01-02,42.54,43.075,42.315,43.065,102223736,0.7575000000000003,0.0179
2018-01-03,43.1325,43.6375,42.99,43.0575,118071596,-0.007500000000000284,-0.0002
2018-01-04,43.135,43.3675,43.02,43.2575,89738388,0.20000000000000284,0.0046
2018-01-05,43.36,43.8425,43.2625,43.75,94640072,0.4924999999999997,0.0114
2018-01-08,43.5875,43.9025,43.4825,43.5875,82271064,-0.16250000000000142,-0.0037
2018-01-09,43.6375,43.765,43.3525,43.5825,86335988,-0.0049999999999954525,-0.0001
2018-01-10,43.29,43.575,43.25,43.5725,95839580,-0.010000000000005116,-0.0002
2018-01-11,43.6475,43.8722,43.6225,43.82,74670916,0.24750000000000227,0.0057
2018-01-12,44.045,44.34,43.9125,44.2725,101672320,0.45250000000000057,0.0103
2018-01-16,44.475,44.8475,44.035,44.0475,118263788,-0.22500000000000142,-0.0051
2018-01-17,44.0375,44.8125,43.7675,44.775,137547344,0.7274999999999991,0.0165
2018-01-18,44.8425,45.025,44.5625,44.815,124773408,0.03999999999999915,0.0009
2018-01-19,44.6525,44.895,44.3525,44.615,129700268,-0.19999999999999574,-0.0045
2018-01-22,44.325,44.445,44.1504,44.25,108434204,-0.365000000000002,-0.0082
2018-01-23,44.325,44.86,44.205,44.26,130756584,0.00999999999999801,0.0002
2018-01-24,44.3125,44.325,43.3,43.555,204420360,-0.7049999999999983,-0.0159
2018-01-25,43.6263,43.7375,42.6325,42.7775,166116016,-0.7774999999999963,-0.0179
2018-01-26,43.0,43.0,42.515,42.8775,156572044,0.09999999999999432,0.0023
2018-01-29,42.54,42.54,41.7675,41.99,202561624,-0.8874999999999957,-0.0207
2018-01-30,41.3813,41.8425,41.175,41.7425,184192740,-0.24750000000000227,-0.0059
2018-01-31,41.7175,42.1104,41.625,41.8575,129915720,0.11500000000000199,0.0028
2018-02-01,41.7913,42.155,41.69,41.945,188923148,0.08749999999999858,0.0021
2018-02-02,41.5,41.7,40.025,40.125,346375300,-1.8200000000000003,-0.0434
2018-02-05,39.775,40.97,39.0,39.1225,290954088,-1.0024999999999977,-0.025
2018-02-06,38.7075,40.93,38.5,40.7575,272975352,1.634999999999998,0.0418
2018-02-07,40.7713,40.85,39.7671,39.885,206434320,-0.8725000000000023,-0.0214
2018-02-08,40.0725,40.25,38.7575,38.7875,217562064,-1.0974999999999966,-0.0275
2018-02-09,39.2675,39.4725,37.56,39.1025,282690432,0.3149999999999977,0.0081
2018-02-12,39.625,40.9725,39.3775,40.6775,243278156,1.5750000000000028,0.0403
2018-02-13,40.4875,41.1875,40.4125,41.085,130196652,0.40749999999999886,0.01
2018-02-14,40.7613,41.885,40.72,41.8425,162579732,0.7575000000000003,0.0184
2018-02-15,42.4475,43.2725,42.25,43.2475,204588684,1.4050000000000011,0.0336
2018-02-16,43.09,43.705,42.9425,43.1075,160704364,-0.14000000000000057,-0.0032
2018-02-20,43.0125,43.565,42.855,42.9625,135722160,-0.14500000000000313,-0.0034
2018-02-21,43.2075,43.53,42.7525,42.7675,149886492,-0.19500000000000028,-0.0045
2018-02-22,42.95,43.4875,42.9275,43.125,123967760,0.3575000000000017,0.0084
2018-02-23,43.4175,43.9125,43.385,43.875,135249440,0.75,0.0174
2018-02-26,44.0875,44.8475,44.0525,44.7425,152648696,0.8674999999999997,0.0198
2018-02-27,44.775,45.12,44.54,44.5975,155712500,-0.14500000000000313,-0.0032
2018-02-28,44.815,45.1538,44.5125,44.53,151128552,-0.06749999999999545,-0.0015
2018-03-01,44.635,44.9438,43.165,43.75,195207880,-0.7800000000000011,-0.0175
2018-03-02,43.2,44.075,43.1125,44.0525,153815800,0.302500000000002,0.0069
2018-03-05,43.8025,44.435,43.63,44.205,113605464,0.1524999999999963,0.0035
2018-03-06,44.4775,44.5625,44.0325,44.1675,95154024,-0.03750000000000142,-0.0008
2018-03-07,43.735,43.9625,43.5675,43.7575,126813848,-0.4099999999999966,-0.0093
2018-03-08,43.87,44.28,43.7675,44.235,95096428,0.47749999999999915,0.0109
2018-03-09,44.49,45.0,44.3475,44.995,128740648,0.759999999999998,0.0172
2018-03-12,45.0725,45.5975,45.0525,45.43,128828324,0.4350000000000023,0.0097
2018-03-13,45.6475,45.875,44.81,44.9925,126774116,-0.4375,-0.0096
2018-03-14,45.08,45.13,44.4525,44.61,117473424,-0.3825000000000003,-0.0085
2018-03-15,44.625,45.06,44.5175,44.6625,90975192,0.05250000000000199,0.0012
2018-03-16,44.6625,44.78,44.405,44.505,157618752,-0.15749999999999886,-0.0035
2018-03-19,44.33,44.3675,43.415,43.825,133787084,-0.6799999999999997,-0.0153
2018-03-20,43.81,44.2,43.735,43.81,78597400,-0.015000000000000568,-0.0003
2018-03-21,43.76,43.7725,42.815,42.8175,148219740,-0.9924999999999997,-0.0227
2018-03-22,42.5,43.17,42.15,42.2125,165963068,-0.605000000000004,-0.0141
2018-03-23,42.0975,42.48,41.235,41.235,164115136,-0.9774999999999991,-0.0232
2018-03-26,42.0175,43.275,41.61,43.1925,150164944,1.9575000000000031,0.0475
2018-03-27,43.42,43.7875,41.73,42.085,163690316,-1.1075000000000017,-0.0256
2018-03-28,41.8125,42.505,41.2975,41.62,166674180,-0.4650000000000034,-0.011
2018-03-29,41.9513,42.9375,41.725,41.945,153594020,0.32500000000000284,0.0078
2018-04-02,41.97,42.235,41.1175,41.67,150347164,-0.2749999999999986,-0.0066
2018-04-03,41.91,42.1864,41.22,42.0975,121112184,0.4274999999999949,0.0103
2018-04-04,41.22,43.0025,41.1925,42.9025,138421956,0.8050000000000068,0.0191
2018-04-05,43.145,43.5576,43.02,43.2,107732788,0.29749999999999943,0.0069
2018-04-06,42.7425,43.12,42.05,42.095,140021160,-1.105000000000004,-0.0256
2018-04-09,42.47,43.2725,42.4613,42.5125,116070872,0.417500000000004,0.0099
2018-04-10,43.25,43.5,42.8825,43.3125,114456964,0.7999999999999972,0.0188
2018-04-11,43.0575,43.4808,42.925,43.11,89726560,-0.20250000000000057,-0.0047
2018-04-12,43.3525,43.75,43.26,43.535,91557140,0.42499999999999716,0.0099
2018-04-13,43.695,43.96,43.4625,43.6825,100497020,0.14750000000000085,0.0034
2018-04-16,43.7575,44.0475,43.7075,43.955,86313680,0.27250000000000085,0.0062
2018-04-17,44.1225,44.7341,44.1025,44.56,106421768,0.605000000000004,0.0138
2018-04-18,44.4525,44.705,44.22,44.46,83018152,-0.10000000000000142,-0.0022
2018-04-19,43.7375,43.8475,43.165,43.2,139235200,-1.259999999999998,-0.0283
2018-04-20,42.6488,42.8046,41.3575,41.43,261964560,-1.7700000000000031,-0.041
2018-04-23,41.7087,41.73,41.0225,41.31,146061908,-0.11999999999999744,-0.0029
2018-04-24,41.4175,41.5825,40.305,40.735,134768068,-0.5750000000000028,-0.0139
2018-04-25,40.655,41.355,40.6025,40.9125,113528336,0.177500000000002,0.0044
2018-04-26,41.03,41.4325,40.8425,41.055,111852056,0.1424999999999983,0.0035
2018-04-27,41.0,41.0825,40.1575,40.58,142623356,-0.4750000000000014,-0.0116
2018-04-30,40.5326,41.815,40.46,41.315,169709696,0.7349999999999994,0.0181
2018-05-01,41.6026,42.3,41.3175,42.275,214277504,0.9600000000000009,0.0232
2018-05-02,43.8063,44.4375,43.45,44.1425,266157484,1.8674999999999997,0.0442
2018-05-03,43.97,44.375,43.6103,44.2225,136272720,0.0799999999999983,0.0018
2018-05-04,44.5625,46.0625,44.5425,45.9575,224805268,1.7350000000000065,0.0392
2018-05-07,46.295,46.9175,46.1875,46.29,169805692,0.332499999999996,0.0072
2018-05-08,46.2475,46.555,45.9163,46.5125,113611108,0.2225000000000037,0.0048
2018-05-09,46.6375,46.85,46.305,46.84,92844964,0.32750000000000057,0.007
2018-05-10,46.935,47.5925,46.9125,47.51,111957156,0.6699999999999946,0.0143
2018-05-11,47.3725,47.515,46.8625,47.1475,104848884,-0.36249999999999716,-0.0076
2018-05-14,47.2525,47.3825,46.965,47.0375,83115088,-0.10999999999999943,-0.0023
2018-05-15,46.695,46.7675,46.275,46.61,94780636,-0.427500000000002,-0.0091
2018-05-16,46.5175,47.115,46.5,47.045,76732256,0.4350000000000023,0.0093
2018-05-17,47.0,47.2275,46.59,46.7475,69176116,-0.29749999999999943,-0.0063
2018-05-18,46.7975,46.9526,46.5325,46.5775,73190912,-0.1700000000000017,-0.0036
2018-05-21,47.0,47.3175,46.7277,46.9075,73603148,0.3299999999999983,0.0071
2018-05-22,47.0938,47.22,46.695,46.79,60962816,-0.11749999999999972,-0.0025
2018-05-23,46.5875,47.125,46.44,47.09,80233660,0.30000000000000426,0.0064
2018-05-24,47.1925,47.21,46.5525,47.0375,92935900,-0.05250000000000199,-0.0011
2018-05-25,47.0575,47.4125,46.9125,47.145,69843852,0.1075000000000017,0.0023
2018-05-29,46.9,47.1875,46.7175,46.975,90056300,-0.1700000000000017,-0.0036
2018-05-30,46.93,47.0,46.695,46.875,74762188,-0.10000000000000142,-0.0021
2018-05-31,46.805,47.0575,46.535,46.7175,109931172,-0.15749999999999886,-0.0034
2018-06-01,46.9978,47.565,46.9375,47.56,93770040,0.8425000000000011,0.018
2018-06-04,47.9088,48.355,47.8375,47.9575,105064696,0.39750000000000085,0.0084
2018-06-05,48.2663,48.485,48.09,48.3275,86263852,0.36999999999999744,0.0077
2018-06-06,48.4075,48.52,47.98,48.495,83734476,0.16749999999999687,0.0035
2018-06-07,48.535,48.55,48.0838,48.365,85388720,-0.12999999999999545,-0.0027
2018-06-08,47.7925,48.0,47.4425,47.925,106627196,-0.44000000000000483,-0.0091
2018-06-11,47.8375,47.9925,47.5525,47.8075,73233840,-0.11749999999999972,-0.0025
2018-06-12,47.8463,48.1528,47.7875,48.07,67644564,0.26250000000000284,0.0055
2018-06-13,48.105,48.22,47.61,47.675,86553572,-0.3950000000000031,-0.0082
2018-06-14,47.8875,47.8925,47.555,47.7,86440296,0.025000000000005684,0.0005
2018-06-15,47.5075,47.54,47.065,47.21,246876640,-0.490000000000002,-0.0103
2018-06-18,46.97,47.305,46.8,47.185,73939460,-0.02499999999999858,-0.0005
2018-06-19,46.285,46.5825,45.8625,46.4225,134313820,-0.7625000000000028,-0.0162
2018-06-20,46.5875,46.8,46.4325,46.625,82514804,0.20250000000000057,0.0044
2018-06-21,46.8125,47.0875,46.235,46.365,102847592,-0.259999999999998,-0.0056
2018-06-22,46.53,46.5375,46.175,46.23,108801788,-0.13500000000000512,-0.0029
2018-06-25,45.85,46.23,45.1825,45.5425,126652384,-0.6875,-0.0149
2018-06-26,45.7475,46.6325,45.635,46.1075,98276804,0.5650000000000048,0.0124
2018-06-27,46.307,46.82,46.0075,46.04,101141312,-0.06750000000000256,-0.0015
2018-06-28,46.025,46.5525,45.95,46.375,69460940,0.33500000000000085,0.0073
2018-06-29,46.5725,46.7975,45.7275,46.2775,90950664,-0.09749999999999659,-0.0021
2018-07-02,45.955,46.825,45.855,46.795,70925372,0.5174999999999983,0.0112
2018-07-03,46.9475,46.9875,45.885,45.98,55819224,-0.8150000000000048,-0.0174
2018-07-05,46.315,46.6025,46.07,46.35,66416992,0.37000000000000455,0.008
2018-07-06,46.355,47.1085,46.3,46.9925,69940980,0.6424999999999983,0.0139
2018-07-09,47.375,47.67,47.325,47.645,79026536,0.6525000000000034,0.0139
2018-07-10,47.6775,47.82,47.545,47.5875,63756596,-0.05750000000000455,-0.0012
2018-07-11,47.125,47.445,46.9025,46.97,75325880,-0.6174999999999997,-0.013
2018-07-12,47.3825,47.8525,47.3275,47.7575,72164524,0.7875000000000014,0.0168
2018-07-13,47.77,47.96,47.725,47.8325,50079168,0.07500000000000284,0.0016
2018-07-16,47.88,48.1625,47.6038,47.7275,60172440,-0.10500000000000398,-0.0022
2018-07-17,47.4375,47.9675,47.3,47.8625,62138092,0.134999999999998,0.0028
2018-07-18,47.945,47.95,47.4825,47.6,65573524,-0.26249999999999574,-0.0055
2018-07-19,47.4225,48.1375,47.4225,47.97,81147008,0.36999999999999744,0.0078
2018-07-20,47.945,48.1075,47.5425,47.86,82824168,-0.10999999999999943,-0.0023
2018-07-23,47.67,47.99,47.39,47.9025,63957460,0.04250000000000398,0.0009
2018-07-24,48.1125,48.415,48.0125,48.25,74791592,0.3474999999999966,0.0073
2018-07-25,48.2651,48.7125,48.1075,48.705,67305932,0.4549999999999983,0.0094
2018-07-26,48.6525,48.99,48.4025,48.5525,76303856,-0.1524999999999963,-0.0031
2018-07-27,48.7475,48.7975,47.525,47.745,96095888,-0.8075000000000045,-0.0166
2018-07-30,47.975,48.05,47.2675,47.4775,84118140,-0.2674999999999983,-0.0056
2018-07-31,47.575,48.035,47.335,47.5725,157492152,0.09499999999999886,0.002
2018-08-01,49.7825,50.44,49.3275,50.375,271742864,2.802500000000002,0.0589
2018-08-02,50.145,52.095,50.0875,51.8475,249616048,1.4724999999999966,0.0292
2018-08-03,51.7575,52.185,51.3701,51.9975,133789584,0.15000000000000568,0.0029
2018-08-06,52.0,52.3125,51.7675,52.2675,101701548,0.269999999999996,0.0052
2018-08-07,52.33,52.375,51.69,51.7775,102349548,-0.4899999999999949,-0.0094
2018-08-08,51.5125,51.9525,51.13,51.8125,90101948,0.03499999999999659,0.0007
2018-08-09,51.82,52.445,51.8,52.22,93970504,0.40749999999999886,0.0079
2018-08-10,51.84,52.275,51.6675,51.8825,98444808,-0.3374999999999986,-0.0065
2018-08-13,51.925,52.738,51.925,52.2175,103563520,0.33500000000000085,0.0065
2018-08-14,52.5388,52.64,52.065,52.4375,82992040,0.21999999999999886,0.0042
2018-08-15,52.305,52.685,52.0825,52.56,115230256,0.12250000000000227,0.0023
2018-08-16,52.9375,53.453,52.8675,53.33,114001468,0.769999999999996,0.0146
2018-08-17,53.36,54.4875,53.29,54.395,141707988,1.0650000000000048,0.02
2018-08-20,54.525,54.795,53.7775,53.865,121150780,-0.5300000000000011,-0.0097
2018-08-21,54.2,54.2975,53.5063,53.76,104639020,-0.10500000000000398,-0.0019
2018-08-22,53.525,54.09,53.46,53.7625,76072524,0.0025000000000048317,0.0
2018-08-23,53.6625,54.2625,53.65,53.8725,75532896,0.10999999999999943,0.002
2018-08-24,54.15,54.225,53.7775,54.04,73905424,0.16749999999999687,0.0031
2018-08-27,54.2875,54.685,54.0825,54.485,82100468,0.4450000000000003,0.0082
2018-08-28,54.7525,55.135,54.73,54.925,91107064,0.4399999999999977,0.0081
2018-08-29,55.0375,55.8725,54.8525,55.745,109019216,0.8200000000000003,0.0149
2018-08-30,55.8125,57.065,55.6,56.2575,195175296,0.5125000000000028,0.0092
2018-08-31,56.6275,57.2175,56.5,56.9075,173360536,0.6499999999999986,0.0116
2018-09-04,57.1025,57.295,56.6575,57.09,109560528,0.18250000000000455,0.0032
2018-09-05,57.2475,57.4175,56.275,56.7175,133331840,-0.3725000000000023,-0.0065
2018-09-06,56.5575,56.8375,55.325,55.775,137159904,-0.9425000000000026,-0.0166
2018-09-07,55.4625,56.3425,55.1775,55.325,150479240,-0.44999999999999574,-0.0081
2018-09-10,55.2375,55.4625,54.1175,54.5825,158065812,-0.7424999999999997,-0.0134
2018-09-11,54.5025,56.0748,54.14,55.9625,142996196,1.3799999999999955,0.0253
2018-09-12,56.235,56.25,54.96,55.2675,197114960,-0.6950000000000003,-0.0124
2018-09-13,55.88,57.0875,55.6425,56.6025,166825508,1.3350000000000009,0.0242
2018-09-14,56.4375,56.71,55.6305,55.96,127997156,-0.6424999999999983,-0.0114
2018-09-17,55.5375,55.7375,54.3175,54.47,148780532,-1.490000000000002,-0.0266
2018-09-18,54.4475,55.4625,54.28,54.56,126286848,0.09000000000000341,0.0017
2018-09-19,54.625,54.905,53.825,54.5925,108495332,0.03249999999999886,0.0006
2018-09-20,55.06,55.57,54.7875,55.0075,106435176,0.41499999999999915,0.0076
2018-09-21,55.195,55.34,54.3225,54.415,384986992,-0.5925000000000011,-0.0108
2018-09-24,54.205,55.315,54.1575,55.1975,110773432,0.7824999999999989,0.0144
2018-09-25,54.9375,55.705,54.925,55.5475,98217516,0.3500000000000014,0.0063
2018-09-26,55.25,55.9375,54.94,55.105,95938824,-0.44250000000000256,-0.008
2018-09-27,55.955,56.61,55.885,56.2375,120724908,1.1325000000000003,0.0206
2018-09-28,56.1975,56.46,56.005,56.435,91717456,0.19750000000000512,0.0035
2018-10-01,56.9875,57.355,56.5875,56.815,94403208,0.37999999999999545,0.0067
2018-10-02,56.8125,57.5,56.6575,57.32,99152680,0.5050000000000026,0.0089
2018-10-03,57.5125,58.3675,57.445,58.0175,114619196,0.697499999999998,0.0122
2018-10-04,57.695,58.0875,56.6825,56.9975,128168000,-1.019999999999996,-0.0176
2018-10-05,56.99,57.1025,55.145,56.0725,134321852,-0.9250000000000043,-0.0162
2018-10-08,55.5525,56.2,55.05,55.9425,118655692,-0.12999999999999545,-0.0023
2018-10-09,55.91,56.8175,55.5616,56.7175,107564116,0.7749999999999986,0.0139
2018-10-10,56.365,56.5875,54.0125,54.09,167962216,-2.6274999999999977,-0.0463
2018-10-11,53.63,54.875,53.08,53.6125,212497568,-0.47750000000000625,-0.0088
2018-10-12,55.105,55.72,54.21,55.5275,161351404,1.9150000000000063,0.0357
2018-10-15,55.29,55.4575,54.3175,54.34,123164028,-1.1875,-0.0214
2018-10-16,54.7325,55.7475,54.1907,55.5375,116735852,1.197499999999998,0.022
2018-10-17,55.575,55.66,54.835,55.2975,91541588,-0.240000000000002,-0.0043
2018-10-18,54.465,54.935,53.25,54.005,130325260,-1.2924999999999969,-0.0234
2018-10-19,54.515,55.315,54.3575,54.8275,132314904,0.822499999999998,0.0152
2018-10-22,54.9475,55.84,54.735,55.1625,115168328,0.33500000000000085,0.0061
2018-10-23,53.9575,55.8125,53.675,55.6825,155071384,0.519999999999996,0.0094
2018-10-24,55.65,56.0575,53.635,53.7725,163700652,-1.9099999999999966,-0.0343
2018-10-25,54.4275,55.345,54.1875,54.95,119423072,1.177500000000002,0.0219
2018-10-26,53.975,55.0475,53.1675,54.075,189033500,-0.875,-0.0159
2018-10-29,54.7975,54.9225,51.5225,53.06,183742080,-1.0150000000000006,-0.0188
2018-10-30,52.7875,53.795,52.3175,53.325,146639960,0.26500000000000057,0.005
2018-10-31,54.22,55.1125,54.155,54.715,153435732,1.3900000000000006,0.0261
2018-11-01,54.7625,55.59,54.2025,55.555,233292720,0.8399999999999963,0.0154
2018-11-02,52.3875,53.4125,51.3575,51.87,365314616,-3.6850000000000023,-0.0663
2018-11-05,51.075,51.0975,49.5425,50.3975,264654676,-1.4724999999999966,-0.0284
2018-11-06,50.48,51.18,50.4225,50.9425,127531524,0.5450000000000017,0.0108
2018-11-07,51.4925,52.515,51.0325,52.4875,133697736,1.5449999999999946,0.0303
2018-11-08,52.495,52.53,51.6875,52.1225,101450544,-0.3649999999999949,-0.007
2018-11-09,51.3875,51.5025,50.5625,51.1175,137463000,-1.0050000000000026,-0.0193
2018-11-12,49.75,49.9625,48.4475,48.5425,204542072,-2.575000000000003,-0.0504
2018-11-13,47.9075,49.295,47.8625,48.0575,187531744,-0.48499999999999943,-0.01
2018-11-14,48.475,48.62,46.4825,46.7,243203828,-1.3574999999999946,-0.0282
2018-11-15,47.0975,47.9925,46.725,47.8525,185915204,1.1524999999999963,0.0247
2018-11-16,47.625,48.7424,47.365,48.3825,147713012,0.5300000000000011,0.0111
2018-11-19,47.5,47.675,46.2475,46.465,167683488,-1.9174999999999969,-0.0396
2018-11-20,44.5925,45.3675,43.8775,44.245,271300988,-2.220000000000006,-0.0478
2018-11-21,44.9325,45.0675,44.1375,44.195,124496840,-0.04999999999999716,-0.0011
2018-11-23,43.735,44.1488,43.025,43.0725,94495888,-1.1225000000000023,-0.0254
2018-11-26,43.56,43.7375,42.565,43.655,179994080,0.5825000000000031,0.0135
2018-11-27,42.8775,43.6925,42.72,43.56,165549508,-0.09499999999999886,-0.0022
2018-11-28,44.1825,45.3225,43.7325,45.235,184250156,1.6749999999999972,0.0385
2018-11-29,45.665,45.7,44.425,44.8875,167079968,-0.3474999999999966,-0.0077
2018-11-30,45.0725,45.0825,44.2575,44.645,158126196,-0.24249999999999972,-0.0054
2018-12-03,46.115,46.235,45.3025,46.205,163192008,1.5599999999999952,0.0349
2018-12-04,45.2375,45.5975,44.0675,44.1725,165377128,-2.032499999999999,-0.044
2018-12-06,42.94,43.695,42.605,43.68,172393640,-0.4924999999999997,-0.0111
2018-12-07,43.3725,43.6225,42.075,42.1225,169126524,-1.5574999999999974,-0.0357
2018-12-10,41.25,42.5225,40.8325,42.4,248103976,0.2774999999999963,0.0066
2018-12-11,42.915,42.9475,41.75,42.1575,189126660,-0.24249999999999972,-0.0057
2018-12-12,42.6,42.98,42.255,42.275,142510696,0.11749999999999972,0.0028
2018-12-13,42.6225,43.1425,42.3875,42.7375,127591308,0.4624999999999986,0.0109
2018-12-14,42.25,42.27,41.32,41.37,162814840,-1.3674999999999997,-0.032
2018-12-17,41.3625,42.0875,40.6825,40.985,177151688,-0.384999999999998,-0.0093
2018-12-18,41.345,41.8825,41.0975,41.5175,135366072,0.5324999999999989,0.013
2018-12-19,41.5,41.8625,39.7725,40.2225,196189188,-1.2950000000000017,-0.0312
2018-12-20,40.1,40.5275,38.825,39.2075,259091840,-1.0149999999999935,-0.0252
2018-12-21,39.215,39.54,37.4075,37.6825,382977536,-1.5250000000000057,-0.0389
2018-12-24,37.0375,37.8875,36.6475,36.7075,148676928,-0.9749999999999943,-0.0259
2018-12-26,37.075,39.3075,36.68,39.2925,234330176,2.5849999999999937,0.0704
2018-12-27,38.96,39.1925,37.5175,39.0375,212468260,-0.25499999999999545,-0.0065
2018-12-28,39.375,39.63,38.6375,39.0575,169165696,0.01999999999999602,0.0005
2018-12-31,39.6325,39.84,39.12,39.435,140013864,0.37750000000000483,0.0097
2019-01-02,38.7225,39.7125,38.5575,39.48,148158948,0.0449999999999946,0.0011
2019-01-03,35.995,36.43,35.5,35.5475,365248780,-3.9324999999999974,-0.0996
2019-01-04,36.1325,37.1375,35.95,37.065,234428280,1.5174999999999983,0.0427
2019-01-07,37.175,37.2075,36.475,36.9825,219111056,-0.08249999999999602,-0.0022
2019-01-08,37.39,37.955,37.13,37.6875,164101256,0.7049999999999983,0.0191
2019-01-09,37.8225,38.6325,37.4075,38.3275,180396324,0.6400000000000006,0.017
2019-01-10,38.125,38.4925,37.715,38.45,143122680,0.12250000000000227,0.0032
2019-01-11,38.22,38.425,37.8775,38.0725,108092964,-0.37750000000000483,-0.0098
2019-01-14,37.7125,37.8175,37.305,37.5,129756744,-0.572499999999998,-0.015
2019-01-15,37.5675,38.3475,37.5125,38.2675,114841296,0.7674999999999983,0.0205
2019-01-16,38.27,38.97,38.25,38.735,122278824,0.46750000000000114,0.0122
2019-01-17,38.55,39.415,38.315,38.965,119284640,0.23000000000000398,0.0059
2019-01-18,39.375,39.47,38.9952,39.205,135004092,0.23999999999999488,0.0062
2019-01-22,39.1025,39.1825,38.155,38.325,121575880,-0.8799999999999955,-0.0224
2019-01-23,38.5375,38.785,37.925,38.48,92522280,0.15499999999999403,0.004
2019-01-24,38.5275,38.62,37.935,38.175,101766196,-0.3049999999999997,-0.0079
2019-01-25,38.87,39.5325,38.58,39.44,134191572,1.2650000000000006,0.0331
2019-01-28,38.9475,39.0825,38.415,39.075,104768232,-0.3649999999999949,-0.0093
2019-01-29,39.0625,39.5325,38.5275,38.67,166348956,-0.40500000000000114,-0.0104
2019-01-30,40.8125,41.5375,40.0575,41.3125,244439120,2.6424999999999983,0.0683
2019-01-31,41.5275,42.25,41.14,41.61,162958596,0.29749999999999943,0.0072
2019-02-01,41.74,42.245,41.4825,41.63,130672552,0.020000000000003126,0.0005
2019-02-04,41.8525,42.9138,41.82,42.8125,125982328,1.1824999999999974,0.0284
2019-02-05,43.215,43.77,43.0875,43.545,144406512,0.7325000000000017,0.0171
2019-02-06,43.6625,43.8925,43.2133,43.56,112958364,0.015000000000000568,0.0003
2019-02-07,43.1,43.485,42.585,42.735,126966760,-0.8250000000000028,-0.0189
2019-02-08,42.2475,42.665,42.105,42.6025,95279864,-0.13250000000000028,-0.0031
2019-02-11,42.7625,42.8025,42.3125,42.3575,83973700,-0.24499999999999744,-0.0058
2019-02-12,42.525,42.75,42.425,42.7225,89134092,0.3649999999999949,0.0086
2019-02-13,42.8475,43.12,42.48,42.545,89960932,-0.17749999999999488,-0.0042
2019-02-14,42.4275,42.8154,42.345,42.7,87342988,0.15500000000000114,0.0036
2019-02-15,42.8125,42.925,42.4375,42.605,98507256,-0.09500000000000597,-0.0022
2019-02-19,42.4275,42.86,42.3725,42.7325,75891304,0.12750000000000483,0.003
2019-02-20,42.7975,43.33,42.7475,43.0075,104457448,0.2749999999999986,0.0064
2019-02-21,42.95,43.0925,42.575,42.765,68998680,-0.24249999999999972,-0.0056
2019-02-22,42.895,43.25,42.845,43.2425,75652616,0.47749999999999915,0.0112
2019-02-25,43.54,43.9675,43.4875,43.5575,87493432,0.3149999999999977,0.0073
2019-02-26,43.4275,43.825,43.2933,43.5825,68280844,0.025000000000005684,0.0006
2019-02-27,43.3025,43.75,43.1825,43.7175,111341556,0.134999999999998,0.0031
2019-02-28,43.58,43.7275,43.23,43.2875,112861664,-0.4299999999999997,-0.0098
2019-03-01,43.57,43.7875,43.2225,43.7425,103544668,0.4549999999999983,0.0105
2019-03-04,43.9225,44.4375,43.4925,43.9625,109744812,0.21999999999999886,0.005
2019-03-05,43.985,44.0,43.635,43.8825,78949676,-0.0799999999999983,-0.0018
2019-03-06,43.6675,43.8725,43.485,43.63,83241536,-0.2524999999999977,-0.0058
2019-03-07,43.4675,43.61,43.005,43.125,99185496,-0.5050000000000026,-0.0116
2019-03-08,42.58,43.2675,42.375,43.2275,95997432,0.10249999999999915,0.0024
2019-03-11,43.8725,44.78,43.8375,44.725,128044136,1.4975000000000023,0.0346
2019-03-12,45.0,45.6675,44.8425,45.2275,129870336,0.5024999999999977,0.0112
2019-03-13,45.5625,45.825,45.23,45.4275,124130096,0.20000000000000284,0.0044
2019-03-14,45.975,46.025,45.64,45.9325,94318032,0.5049999999999955,0.0111
2019-03-15,46.2125,46.8325,45.935,46.53,156171648,0.5975000000000037,0.013
2019-03-18,46.45,47.0975,46.4475,47.005,104879328,0.4750000000000014,0.0102
2019-03-19,47.0875,47.2475,46.48,46.6325,126585476,-0.3725000000000023,-0.0079
2019-03-20,46.5575,47.3725,46.1825,47.04,124140924,0.40749999999999886,0.0087
2019-03-21,47.505,49.0825,47.4525,48.7725,204136948,1.7325000000000017,0.0368
2019-03-22,48.835,49.4225,47.695,47.7625,169630664,-1.009999999999998,-0.0207
2019-03-25,47.8775,47.995,46.65,47.185,175381172,-0.5775000000000006,-0.0121
2019-03-26,47.916,48.22,46.145,46.6975,199202152,-0.48750000000000426,-0.0103
2019-03-27,47.1875,47.44,46.6375,47.1175,119393708,0.4200000000000017,0.009
2019-03-28,47.2375,47.3898,46.8825,47.18,83121452,0.0625,0.0013
2019-03-29,47.4575,47.52,47.135,47.4875,94255844,0.30749999999999744,0.0065
2019-04-01,47.91,47.92,47.095,47.81,111447856,0.3225000000000051,0.0068
2019-04-02,47.7725,48.615,47.7625,48.505,91062928,0.6950000000000003,0.0145
2019-04-03,48.3125,49.125,48.2875,48.8375,93087320,0.332499999999996,0.0069
2019-04-04,48.6975,49.0925,48.285,48.9225,76457100,0.08500000000000085,0.0017
2019-04-05,49.1125,49.275,48.9825,49.25,74106576,0.32750000000000057,0.0067
2019-04-08,49.105,50.0575,49.085,50.025,103526788,0.7749999999999986,0.0157
2019-04-09,50.08,50.7125,49.8075,49.875,143072948,-0.14999999999999858,-0.003
2019-04-10,49.67,50.185,49.545,50.155,86781152,0.28000000000000114,0.0056
2019-04-11,50.2125,50.25,49.6108,49.7375,83603232,-0.417500000000004,-0.0083
2019-04-12,49.8,50.035,49.0525,49.7175,111042672,-0.01999999999999602,-0.0004
2019-04-15,49.645,49.9625,49.5025,49.8075,70146584,0.0899999999999963,0.0018
2019-04-16,49.865,50.3425,49.64,49.8125,102785540,0.005000000000002558,0.0001
2019-04-17,49.885,50.845,49.6525,50.7825,115627120,0.9699999999999989,0.0195
2019-04-18,50.78,51.0375,50.63,50.965,96783064,0.18250000000000455,0.0036
2019-04-22,50.7075,51.235,50.585,51.1325,77758180,0.16749999999999687,0.0033
2019-04-23,51.1075,51.9375,50.975,51.87,93291964,0.7374999999999972,0.0144
2019-04-24,51.84,52.12,51.7625,51.79,70162436,-0.0799999999999983,-0.0015
2019-04-25,51.7075,51.94,51.28,51.32,74172824,-0.46999999999999886,-0.0091
2019-04-26,51.225,51.25,50.53,51.075,74596408,-0.24499999999999744,-0.0048
2019-04-29,51.1,51.4925,50.965,51.1525,88818864,0.07750000000000057,0.0015
2019-04-30,50.765,50.85,49.7775,50.1675,186139692,-0.9850000000000065,-0.0193
2019-05-01,52.47,53.8275,52.3075,52.63,259309312,2.4625000000000057,0.0491
2019-05-02,52.46,53.1625,52.0325,52.2875,127985296,-0.34250000000000114,-0.0065
2019-05-03,52.7225,52.96,52.5575,52.9375,83569512,0.6499999999999986,0.0124
2019-05-06,51.0725,52.21,50.875,52.12,129772452,-0.8175000000000026,-0.0154
2019-05-07,51.47,51.8544,50.2063,50.715,155054792,-1.404999999999994,-0.027
2019-05-08,50.475,51.335,50.4375,50.725,105358016,0.00999999999999801,0.0002
2019-05-09,50.1,50.42,49.165,50.18,139634428,-0.5450000000000017,-0.0107
2019-05-10,49.3548,49.7125,48.1925,49.295,164834848,-0.884999999999998,-0.0176
2019-05-13,46.9275,47.37,45.7125,46.43,229722492,-2.865000000000002,-0.0581
2019-05-14,46.6025,47.425,46.3525,47.165,146118708,0.7349999999999994,0.0158
2019-05-15,46.5675,47.9375,46.505,47.73,106178872,0.5649999999999977,0.012
2019-05-16,47.4775,48.1172,47.21,47.52,132125456,-0.20999999999999375,-0.0044
2019-05-17,46.7325,47.725,46.69,47.25,131516360,-0.2700000000000031,-0.0057
2019-05-20,45.88,46.0873,45.071,45.7725,154449160,-1.4774999999999991,-0.0313
2019-05-21,46.305,47.0,46.175,46.65,113459392,0.8774999999999977,0.0192
2019-05-22,46.165,46.4275,45.6375,45.695,118994224,-0.9549999999999983,-0.0205
2019-05-23,44.95,45.135,44.4525,44.915,146118944,-0.7800000000000011,-0.0171
2019-05-24,45.05,45.535,44.655,44.7425,94858744,-0.17249999999999943,-0.0038
2019-05-28,44.73,45.1475,44.4775,44.5575,111792640,-0.18500000000000227,-0.0041
2019-05-29,44.105,44.8375,44.0,44.345,113924660,-0.21249999999999858,-0.0048
2019-05-30,44.4875,44.8075,44.1675,44.575,84873648,0.23000000000000398,0.0052
2019-05-31,44.0575,44.4975,43.7475,43.7675,108174336,-0.8075000000000045,-0.0181
2019-06-03,43.9,44.48,42.5675,43.325,161584276,-0.44249999999999545,-0.0101
2019-06-04,43.86,44.9575,43.63,44.91,123871844,1.5849999999999937,0.0366
2019-06-05,46.07,46.2475,45.285,45.635,119093708,0.7250000000000014,0.0161
2019-06-06,45.77,46.3675,45.5372,46.305,90105244,0.6700000000000017,0.0147
2019-06-07,46.6275,47.98,46.4425,47.5375,122737572,1.2325000000000017,0.0266
2019-06-10,47.9525,48.8425,47.905,48.145,104883404,0.6075000000000017,0.0128
2019-06-11,48.715,49.0,48.4,48.7025,107731528,0.5574999999999974,0.0116
2019-06-12,48.4875,48.9925,48.3463,48.5475,73012756,-0.15500000000000114,-0.0032
2019-06-13,48.675,49.1975,48.4,48.5375,86698500,-0.00999999999999801,-0.0002
2019-06-14,47.8863,48.3966,47.575,48.185,75045896,-0.35249999999999915,-0.0073
2019-06-17,48.225,48.74,48.0425,48.4725,58676576,0.2874999999999943,0.006
2019-06-18,49.0125,50.0725,48.8025,49.6125,106204016,1.1400000000000006,0.0235
2019-06-19,49.92,49.97,49.3275,49.4675,84496940,-0.14499999999999602,-0.0029
2019-06-20,50.0925,50.1525,49.5075,49.865,86055952,0.39750000000000085,0.008
2019-06-21,49.7,50.2125,49.5375,49.695,191202356,-0.1700000000000017,-0.0034
2019-06-24,49.635,50.04,49.5425,49.645,72881684,-0.04999999999999716,-0.001
2019-06-25,49.6075,49.815,48.8225,48.8925,84281336,-0.7525000000000048,-0.0152
2019-06-26,49.4425,50.2475,49.3375,49.95,104270048,1.0575000000000045,0.0216
2019-06-27,50.0725,50.3925,49.8925,49.935,83598868,-0.015000000000000568,-0.0003
2019-06-28,49.67,49.8738,49.2625,49.48,124442568,-0.4550000000000054,-0.0091
2019-07-01,50.7925,51.1225,50.1625,50.3875,109266956,0.907500000000006,0.0183
2019-07-02,50.3525,50.7831,50.34,50.6825,67740868,0.2949999999999946,0.0059
2019-07-03,50.82,51.11,50.6725,51.1025,45448180,0.4200000000000017,0.0083
2019-07-05,50.8375,51.27,50.725,51.0575,69062072,-0.045000000000001705,-0.0009
2019-07-08,50.2025,50.35,49.6025,50.005,101354512,-1.0524999999999949,-0.0206
2019-07-09,49.8,50.3775,49.7025,50.31,82312060,0.3049999999999997,0.0061
2019-07-10,50.4625,50.9325,50.39,50.8075,71588552,0.49749999999999517,0.0099
2019-07-11,50.8275,51.0975,50.4275,50.4375,80767368,-0.36999999999999744,-0.0073
2019-07-12,50.6125,51.0,50.55,50.825,70380848,0.38750000000000284,0.0077
2019-07-15,51.0225,51.4675,51.0,51.3025,67789680,0.47749999999999915,0.0094
2019-07-16,51.1475,51.5275,50.875,51.125,67467264,-0.177500000000002,-0.0035
2019-07-17,51.0125,51.2729,50.8175,50.8375,56429800,-0.2875000000000014,-0.0056
2019-07-18,51.0,51.47,50.925,51.415,74328644,0.5775000000000006,0.0114
2019-07-19,51.4475,51.625,50.59,50.6475,83717228,-0.7674999999999983,-0.0149
2019-07-22,50.9125,51.8075,50.9025,51.805,89111728,1.1574999999999989,0.0229
2019-07-23,52.115,52.2275,51.8225,52.21,73420840,0.40500000000000114,0.0078
2019-07-24,51.9175,52.2875,51.7925,52.1675,59966268,-0.04250000000000398,-0.0008
2019-07-25,52.2225,52.31,51.6825,51.755,55638248,-0.4124999999999943,-0.0079
2019-07-26,51.87,52.4325,51.785,51.935,70475496,0.17999999999999972,0.0035
2019-07-29,52.115,52.66,52.11,52.42,86693556,0.48499999999999943,0.0093
2019-07-30,52.19,52.54,51.8275,52.195,135742872,-0.22500000000000142,-0.0043
2019-07-31,54.105,55.3425,52.825,53.26,277125444,1.0649999999999977,0.0204
2019-08-01,53.475,54.5075,51.6859,52.1075,216071688,-1.1524999999999963,-0.0216
2019-08-02,51.3825,51.6075,50.4075,51.005,163448488,-1.1024999999999991,-0.0212
2019-08-05,49.4975,49.6623,48.145,48.335,209571876,-2.6700000000000017,-0.0523
2019-08-06,49.0775,49.5168,48.51,49.25,143299148,0.9149999999999991,0.0189
2019-08-07,48.8525,49.89,48.455,49.76,133457600,0.509999999999998,0.0104
2019-08-08,50.05,50.8825,49.8475,50.8575,108038092,1.0975000000000037,0.0221
2019-08-09,50.325,50.69,49.8225,50.2475,98478984,-0.6099999999999994,-0.012
2019-08-12,50.255,53.035,50.2075,50.12,89927556,-0.12750000000000483,-0.0025
2019-08-13,50.255,53.035,50.2075,52.2425,190159144,2.1225000000000023,0.0423
2019-08-14,50.79,51.61,50.6467,50.6875,146189772,-1.5549999999999997,-0.0298
2019-08-15,50.865,51.285,49.9175,50.435,111533452,-0.2524999999999977,-0.005
2019-08-16,51.07,51.79,50.96,51.625,115254496,1.1899999999999977,0.0236
2019-08-19,52.655,53.1827,52.5063,52.5875,97727660,0.9624999999999986,0.0186
2019-08-20,52.72,53.3375,52.58,52.59,107678116,0.0025000000000048317,0.0
2019-08-21,53.2475,53.4125,52.9008,53.16,86258988,0.5699999999999932,0.0108
2019-08-22,53.2975,53.6088,52.6875,53.115,89071276,-0.0449999999999946,-0.0008
2019-08-23,52.3575,53.0128,50.25,50.66,187531372,-2.4550000000000054,-0.0462
2019-08-26,51.465,51.7975,51.2643,51.6225,104264520,0.9625000000000057,0.019
2019-08-27,51.965,52.1375,50.8825,51.04,103589376,-0.5825000000000031,-0.0113
2019-08-28,51.025,51.43,50.83,51.3825,63830528,0.34250000000000114,0.0067
2019-08-29,52.125,52.33,51.6638,52.2525,84030608,0.8699999999999974,0.0169
2019-08-30,52.54,52.6125,51.8,52.185,84650244,-0.06749999999999545,-0.0013
2019-09-03,51.6075,51.745,51.055,51.425,80238296,-0.7600000000000051,-0.0146
2019-09-04,52.0975,52.37,51.83,52.2975,76867280,0.8725000000000023,0.017
2019-09-05,53.0,53.4925,52.8775,53.32,95787936,1.0225000000000009,0.0196
2019-09-06,53.5125,53.605,53.1275,53.315,77449176,-0.005000000000002558,-0.0001
2019-09-09,53.71,54.11,52.7675,53.5425,109237604,0.22749999999999915,0.0043
2019-09-10,53.465,54.195,52.9275,54.175,127111724,0.6325000000000003,0.0118
2019-09-11,54.5175,55.9275,54.4325,55.8975,177158584,1.7225000000000037,0.0318
2019-09-12,56.2,56.605,55.715,55.7713,128906676,-0.1262000000000043,-0.0023
2019-09-13,55.0,55.1975,54.255,54.6875,159053184,-1.0837999999999965,-0.0194
2019-09-16,54.4325,55.0325,54.39,54.975,84632564,0.2875000000000014,0.0053
2019-09-17,54.99,55.205,54.78,55.175,73545872,0.19999999999999574,0.0036
2019-09-18,55.265,55.7125,54.86,55.6925,102572372,0.5175000000000054,0.0094
2019-09-19,55.5025,55.94,55.0925,55.24,88751504,-0.45250000000000057,-0.0081
2019-09-20,55.345,55.64,54.3683,54.4325,231908376,-0.8075000000000045,-0.0146
2019-09-23,54.7375,54.96,54.4125,54.68,77678592,0.24750000000000227,0.0045
2019-09-24,55.2575,55.6225,54.2975,54.42,125737468,-0.259999999999998,-0.0048
2019-09-25,54.6375,55.375,54.2851,55.2575,89924024,0.8374999999999986,0.0154
2019-09-26,55.0,55.235,54.7075,54.9725,76353248,-0.2850000000000037,-0.0052
2019-09-27,55.135,55.24,54.3204,54.705,101445140,-0.2674999999999983,-0.0049
2019-09-30,55.225,56.145,55.1975,55.9925,105274332,1.2875000000000014,0.0235
2019-10-01,56.2675,57.055,56.05,56.1475,144748652,0.15500000000000114,0.0028
2019-10-02,55.765,55.895,54.4825,54.74,143069028,-1.4074999999999989,-0.0251
2019-10-03,54.6075,55.24,53.783,55.205,121410744,0.4649999999999963,0.0085
2019-10-04,56.41,56.8725,55.9725,56.7525,139022212,1.5474999999999994,0.028
2019-10-07,56.5675,57.4825,56.46,56.765,123557076,0.012500000000002842,0.0002
2019-10-08,56.455,57.015,56.0825,56.1,117130800,-0.6649999999999991,-0.0117
2019-10-09,56.7575,56.9475,56.41,56.7575,76117696,0.6574999999999989,0.0117
2019-10-10,56.9825,57.61,56.825,57.5225,115851936,0.7650000000000006,0.0135
2019-10-11,58.2375,59.41,58.0769,59.0525,167960840,1.5300000000000011,0.0266
2019-10-14,58.725,59.5336,58.6675,58.9675,97653936,-0.08500000000000085,-0.0014
2019-10-15,59.0975,59.4125,58.72,58.83,92161932,-0.13750000000000284,-0.0023
2019-10-16,58.3425,58.81,58.3,58.5925,77146776,-0.23749999999999716,-0.004
2019-10-17,58.7725,59.0375,58.38,58.82,69091588,0.22749999999999915,0.0039
2019-10-18,58.6475,59.395,58.5725,59.1025,97508664,0.28249999999999886,0.0048
2019-10-21,59.38,60.2475,59.33,60.1275,89469932,1.0249999999999986,0.0173
2019-10-22,60.29,60.55,59.9055,59.99,90736004,-0.13749999999999574,-0.0023
2019-10-23,60.525,60.81,60.305,60.795,79730180,0.8049999999999997,0.0134
2019-10-24,61.1275,61.2,60.4513,60.895,71665020,0.10000000000000142,0.0016
2019-10-25,60.79,61.6825,60.72,61.645,73477184,0.75,0.0123
2019-10-28,61.855,62.3125,61.68,62.2625,96572964,0.6174999999999997,0.01
2019-10-29,62.2425,62.4375,60.6425,60.8225,142839468,-1.4400000000000048,-0.0231
2019-10-30,61.19,61.325,60.3025,60.815,124522088,-0.007500000000000284,-0.0001
2019-10-31,61.81,62.2925,59.315,62.19,139162080,1.375,0.0226
2019-11-01,62.385,63.9825,62.29,63.955,151125336,1.7650000000000006,0.0284
2019-11-04,64.3325,64.4613,63.845,64.375,103271808,0.4200000000000017,0.0066
2019-11-05,64.2625,64.5475,64.08,64.2825,79897708,-0.09250000000000114,-0.0014
2019-11-06,64.1925,64.3725,63.8413,64.31,75864496,0.02750000000000341,0.0004
2019-11-07,64.685,65.0875,64.5275,64.8575,94940332,0.5474999999999994,0.0085
2019-11-08,64.6725,65.11,64.2125,65.035,70081980,0.17749999999999488,0.0027
2019-11-11,64.575,65.6175,64.57,65.55,82029836,0.5150000000000006,0.0079
2019-11-12,65.3875,65.6975,65.23,65.49,87388904,-0.060000000000002274,-0.0009
2019-11-13,65.2825,66.195,65.2675,66.1175,103270372,0.6275000000000119,0.0096
2019-11-14,65.9375,66.22,65.525,65.66,89582224,-0.45750000000001023,-0.0069
2019-11-15,65.92,66.445,65.7525,66.44,100374664,0.7800000000000011,0.0119
2019-11-18,66.45,66.8575,66.0575,66.775,86803588,0.33500000000000796,0.005
2019-11-19,66.975,67.0,66.3482,66.5725,76278388,-0.20250000000000057,-0.003
2019-11-20,66.385,66.5208,65.1,65.7975,106439676,-0.7750000000000057,-0.0116
2019-11-21,65.9225,66.0013,65.295,65.5025,121395112,-0.2950000000000017,-0.0045
2019-11-22,65.6475,65.795,65.21,65.445,65325052,-0.05750000000000455,-0.0009
2019-11-25,65.6775,66.61,65.63,66.5925,84118068,1.147500000000008,0.0175
2019-11-26,66.735,66.79,65.625,66.0725,105339528,-0.519999999999996,-0.0078
2019-11-27,66.395,66.995,66.3275,66.96,65544488,0.8874999999999886,0.0134
2019-11-29,66.65,67.0,66.475,66.8125,46617452,-0.14749999999999375,-0.0022
2019-12-02,66.8175,67.0625,65.8625,66.04,94774200,-0.7724999999999937,-0.0116
2019-12-03,64.5775,64.8825,64.0725,64.8625,117509072,-1.177500000000009,-0.0178
2019-12-04,65.2675,65.8275,65.17,65.435,67241552,0.5725000000000051,0.0088
2019-12-05,65.9475,66.4725,65.6825,66.395,74645372,0.9599999999999937,0.0147
2019-12-06,66.87,67.75,66.825,67.6775,106189972,1.2824999999999989,0.0193
2019-12-09,67.5,67.7,66.2275,66.73,128730580,-0.9474999999999909,-0.014
2019-12-10,67.15,67.5175,66.465,67.12,90529532,0.39000000000000057,0.0058
2019-12-11,67.2025,67.775,67.125,67.6925,78893564,0.5724999999999909,0.0085
2019-12-12,66.945,68.14,66.8303,67.865,137748168,0.17249999999999943,0.0025
2019-12-13,67.865,68.825,67.7325,68.7875,133731224,0.9224999999999994,0.0136
2019-12-16,69.25,70.1975,69.245,69.965,128324420,1.177500000000009,0.0171
2019-12-17,69.8925,70.4425,69.7,70.1025,114303192,0.13750000000000284,0.002
2019-12-18,69.95,70.475,69.78,69.935,116098748,-0.16750000000000398,-0.0024
2019-12-19,69.875,70.295,69.7375,70.005,98507788,0.06999999999999318,0.001
2019-12-20,70.5575,70.6625,69.64,69.86,276130972,-0.14499999999999602,-0.0021
2019-12-23,70.1325,71.0625,70.0934,71.0,98711532,1.1400000000000006,0.0163
2019-12-24,71.1725,71.2225,70.7299,71.0675,48478856,0.06749999999999545,0.001
2019-12-26,71.205,72.495,71.175,72.4775,93336016,1.4100000000000108,0.0198
2019-12-27,72.78,73.4925,72.03,72.45,146371744,-0.02750000000000341,-0.0004
2019-12-30,72.365,73.1725,71.305,72.88,144238456,0.4299999999999926,0.0059
2019-12-31,72.4825,73.42,72.38,73.4125,100990500,0.5324999999999989,0.0073
2020-01-02,74.06,75.15,73.7975,75.0875,135647456,1.6750000000000114,0.0228
2020-01-03,74.2875,75.145,74.125,74.3575,146535512,-0.730000000000004,-0.0097
2020-01-06,73.4475,74.99,73.1875,74.95,118578576,0.5925000000000011,0.008
2020-01-07,74.96,75.225,74.37,74.5975,111510620,-0.35250000000000625,-0.0047
2020-01-08,74.29,76.11,74.289,75.7975,132363784,1.2000000000000028,0.0161
2020-01-09,76.8088,77.6075,76.55,77.4075,170486168,1.6099999999999994,0.0212
2020-01-10,77.65,78.1675,77.0625,77.5825,140869088,0.17499999999999716,0.0023
2020-01-13,77.91,79.2675,77.7875,79.24,122086888,1.6574999999999989,0.0214
2020-01-14,79.175,79.3925,78.0425,78.17,162613828,-1.0699999999999932,-0.0135
2020-01-15,77.9625,78.875,77.3875,77.835,121923528,-0.33500000000000796,-0.0043
2020-01-16,78.3975,78.925,78.0225,78.81,108829016,0.9750000000000085,0.0125
2020-01-17,79.0675,79.685,78.75,79.6825,137816468,0.8725000000000023,0.0111
2020-01-21,79.2975,79.755,79.0,79.1425,110843256,-0.5400000000000063,-0.0068
2020-01-22,79.645,79.9975,79.3275,79.425,101832460,0.28249999999999886,0.0036
2020-01-23,79.48,79.89,78.9125,79.8075,104471972,0.3825000000000074,0.0048
2020-01-24,80.0625,80.8325,79.3797,79.5775,146537520,-0.23000000000000398,-0.0029
2020-01-27,77.515,77.9425,76.22,77.2375,161940020,-2.3400000000000034,-0.0294
2020-01-28,78.15,79.6,78.0475,79.4225,162233944,2.1850000000000023,0.0283
2020-01-29,81.1125,81.9625,80.345,81.085,216599712,1.6624999999999943,0.0209
2020-01-30,80.1359,81.0225,79.6875,80.9675,126743232,-0.11749999999999261,-0.0014
2020-01-31,80.2325,80.67,77.0725,77.3775,199588384,-3.5900000000000034,-0.0443
2020-02-03,76.075,78.3725,75.555,77.165,173985604,-0.21249999999999147,-0.0027
2020-02-04,78.8275,79.91,78.4086,79.7125,136616536,2.5474999999999994,0.033
2020-02-05,80.88,81.19,79.7375,80.3625,118826872,0.6499999999999915,0.0082
2020-02-06,80.6425,81.305,80.0662,81.3025,105425540,0.9399999999999977,0.0117
2020-02-07,80.5925,80.85,79.5,80.0075,117684048,-1.2950000000000017,-0.0159
2020-02-10,78.545,80.3875,78.4625,80.3875,109348860,0.38000000000000966,0.0047
2020-02-11,80.9,80.975,79.6775,79.9025,94323120,-0.48499999999999943,-0.006
2020-02-12,80.3675,81.805,80.3675,81.8,113730292,1.8974999999999937,0.0237
2020-02-13,81.0475,81.555,80.8375,81.2175,94747568,-0.582499999999996,-0.0071
2020-02-14,81.185,81.495,80.7125,81.2375,80113788,0.01999999999999602,0.0002
2020-02-18,78.84,79.9375,78.6525,79.75,152762180,-1.4874999999999972,-0.0183
2020-02-19,80.0,81.1425,80.0,80.905,93983964,1.1550000000000011,0.0145
2020-02-20,80.6575,81.1625,79.5525,80.075,100565956,-0.8299999999999983,-0.0103
2020-02-21,79.655,80.1125,77.625,78.2625,129705660,-1.8125,-0.0226
2020-02-24,74.315,76.045,72.3075,74.545,222195312,-3.717500000000001,-0.0475
2020-02-25,75.2375,75.6325,71.5325,72.02,230673456,-2.5250000000000057,-0.0339
2020-02-26,71.6325,74.47,71.625,73.1625,198713724,1.1424999999999983,0.0159
2020-02-27,70.275,71.5,68.24,68.38,320605524,-4.782499999999999,-0.0654
2020-02-28,64.315,69.6025,64.0925,68.34,426884920,-0.03999999999999204,-0.0006
2020-03-02,70.57,75.36,69.43,74.7025,341397356,6.362499999999997,0.0931
2020-03-03,75.9175,76.0,71.45,72.33,319475408,-2.3725000000000023,-0.0318
2020-03-04,74.11,75.85,73.2825,75.685,219178272,3.355000000000004,0.0464
2020-03-05,73.88,74.8875,72.8525,73.23,187572876,-2.4549999999999983,-0.0324
2020-03-06,70.5,72.705,70.3075,72.2575,226176984,-0.9725000000000108,-0.0133
2020-03-09,65.9375,69.5225,65.75,66.5425,286744832,-5.714999999999989,-0.0791
2020-03-10,69.285,71.61,67.3425,71.335,285290080,4.79249999999999,0.072
2020-03-11,69.3475,70.305,67.965,68.8575,256379880,-2.477499999999992,-0.0347
2020-03-12,63.985,67.5,62.0,62.0575,418474068,-6.800000000000004,-0.0988
2020-03-13,66.2225,69.98,63.2375,69.4925,370732128,7.435000000000009,0.1198
2020-03-16,60.4875,64.77,60.0,60.5525,322423460,-8.940000000000005,-0.1286
2020-03-17,61.8775,64.4025,59.6,63.215,324055860,2.6625000000000014,0.044
2020-03-18,59.9425,62.5,59.28,61.6675,300233624,-1.5475000000000065,-0.0245
2020-03-19,61.8463,63.21,60.6525,61.195,271857020,-0.4724999999999966,-0.0077
2020-03-20,61.795,62.9575,57.0,57.31,401693384,-3.884999999999998,-0.0635
2020-03-23,57.02,57.1249,53.1525,56.0925,336752832,-1.2175000000000011,-0.0212
2020-03-24,59.09,61.9225,58.575,61.72,287531092,5.627499999999998,0.1003
2020-03-25,62.6875,64.5625,61.075,61.38,303602040,-0.3399999999999963,-0.0055
2020-03-26,61.63,64.67,61.59,64.61,252560676,3.229999999999997,0.0526
2020-03-27,63.1875,63.9675,61.7625,61.935,204216612,-2.674999999999997,-0.0414
2020-03-30,62.685,63.88,62.35,63.7025,167976440,1.7674999999999983,0.0285
2020-03-31,63.9,65.6225,63.0,63.5725,197002004,-0.13000000000000256,-0.002
2020-04-01,61.625,62.18,59.7825,60.2275,176218552,-3.344999999999999,-0.0526
2020-04-02,60.085,61.2875,59.225,61.2325,165933972,1.0050000000000026,0.0167
2020-04-03,60.7,61.425,59.7435,60.3525,129880068,-0.8800000000000026,-0.0144
2020-04-06,62.725,65.7775,62.345,65.6175,201820284,5.265000000000008,0.0872
2020-04-07,67.7,67.925,64.75,64.8575,202887324,-0.7600000000000051,-0.0116
2020-04-08,65.685,66.8425,65.3075,66.5175,168895284,1.6599999999999966,0.0256
2020-04-09,67.175,67.5175,66.175,66.9975,162116492,0.480000000000004,0.0072
2020-04-13,67.0775,68.425,66.4575,68.3125,131022924,1.3149999999999977,0.0196
2020-04-14,70.0,72.0625,69.5125,71.7625,194994688,3.450000000000003,0.0505
2020-04-15,70.6,71.5825,70.1575,71.1075,131154564,-0.6550000000000011,-0.0091
2020-04-16,71.845,72.0494,70.5876,71.6725,157125160,0.5649999999999977,0.0079
2020-04-17,71.1725,71.7363,69.215,70.7,215249912,-0.9724999999999966,-0.0136
2020-04-20,69.4875,70.42,69.2125,69.2325,130015000,-1.4675000000000011,-0.0208
2020-04-21,69.07,69.3125,66.3575,67.0925,180991572,-2.1400000000000006,-0.0309
2020-04-22,68.4025,69.475,68.05,69.025,117057368,1.9325000000000045,0.0288
2020-04-23,68.9675,70.4375,68.7175,68.7575,124814328,-0.2675000000000125,-0.0039
2020-04-24,69.3,70.7525,69.25,70.7425,126508732,1.9850000000000136,0.0289
2020-04-27,70.45,71.135,69.9875,70.7925,117087572,0.04999999999999716,0.0007
2020-04-28,71.27,71.4575,69.55,69.645,112004748,-1.147500000000008,-0.0162
2020-04-29,71.1825,72.4175,70.9725,71.9325,137280816,2.2875000000000085,0.0328
2020-04-30,72.49,73.6325,72.0875,73.45,183063872,1.5174999999999983,0.0211
2020-05-01,71.5625,74.75,71.4625,72.2675,240616700,-1.1825000000000045,-0.0161
2020-05-04,72.2925,73.4225,71.5793,73.29,133567944,1.022500000000008,0.0141
2020-05-05,73.765,75.25,73.615,74.39,147751180,1.0999999999999943,0.015
2020-05-06,75.115,75.81,74.7175,75.1575,142333752,0.7674999999999983,0.0103
2020-05-07,75.805,76.2925,75.4925,75.935,115215056,0.7775000000000034,0.0103
2020-05-08,76.41,77.5875,76.0725,77.5325,134047940,1.5974999999999966,0.021
2020-05-11,77.025,79.2625,76.81,78.7525,145946244,1.2199999999999989,0.0157
2020-05-12,79.4575,79.922,77.7275,77.8525,162301052,-0.8999999999999915,-0.0114
2020-05-13,78.0375,78.9875,75.8025,76.9125,200622556,-0.9400000000000119,-0.0121
2020-05-14,76.1275,77.4475,75.3825,77.385,158929076,0.4725000000000108,0.0061
2020-05-15,75.0875,76.975,75.0525,76.9275,166348376,-0.45750000000001023,-0.0059
2020-05-18,78.2925,79.125,77.581,78.74,135372500,1.8125,0.0236
2020-05-19,78.7575,79.63,78.2525,78.285,101729540,-0.4549999999999983,-0.0058
2020-05-20,79.17,79.88,79.05,79.8075,111504860,1.522500000000008,0.0194
2020-05-21,79.665,80.2225,78.9675,79.2125,102688844,-0.5949999999999989,-0.0075
2020-05-22,78.9425,79.8075,78.8375,79.7225,81803016,0.5099999999999909,0.0064
2020-05-26,80.875,81.06,79.125,79.1825,125521816,-0.539999999999992,-0.0068
2020-05-27,79.035,79.6775,78.2725,79.5275,112945096,0.34499999999999886,0.0044
2020-05-28,79.1925,80.86,78.9075,79.5625,133796412,0.03499999999999659,0.0004
2020-05-29,79.8125,80.2875,79.1175,79.485,153598128,-0.07750000000000057,-0.001
2020-06-01,79.4375,80.5875,79.3025,80.4625,81018612,0.9775000000000063,0.0123
2020-06-02,80.1863,80.86,79.7325,80.835,87642816,0.37249999999998806,0.0046
2020-06-03,81.165,81.55,80.575,81.28,104491216,0.4450000000000074,0.0055
2020-06-04,81.0975,81.405,80.195,80.58,87560364,-0.7000000000000028,-0.0086
2020-06-05,80.8375,82.9375,80.8075,82.875,137250200,2.2950000000000017,0.0285
2020-06-08,82.5625,83.4,81.83,83.365,95654536,0.4899999999999949,0.0059
2020-06-09,83.035,86.4025,83.0025,85.9975,147712364,2.6325000000000074,0.0316
2020-06-10,86.975,88.6925,86.5225,88.21,166651752,2.2124999999999915,0.0257
2020-06-11,87.3275,87.765,83.87,83.975,201662452,-4.234999999999999,-0.048
2020-06-12,86.18,86.95,83.5558,84.7,200146052,0.7250000000000085,0.0086
2020-06-15,83.3125,86.42,83.145,85.7475,138808920,1.0474999999999994,0.0124
2020-06-16,87.865,88.3,86.18,88.02,165428728,2.2724999999999937,0.0265
2020-06-17,88.7875,88.85,87.7725,87.8975,114406504,-0.12250000000000227,-0.0014
2020-06-18,87.8525,88.3625,87.305,87.9325,96820384,0.0350000000000108,0.0004
2020-06-19,88.6588,89.14,86.2875,87.43,264475808,-0.5024999999999977,-0.0057
2020-06-22,87.835,89.865,87.7875,89.7175,135445264,2.2874999999999943,0.0262
2020-06-23,91.0,93.095,90.5675,91.6325,212155476,1.914999999999992,0.0213
2020-06-24,91.25,92.1975,89.63,90.015,192623396,-1.6174999999999926,-0.0177
2020-06-25,90.175,91.25,89.3925,91.21,137522512,1.1949999999999932,0.0133
2020-06-26,91.1025,91.33,88.255,88.4075,205256844,-2.802499999999995,-0.0307
2020-06-29,88.3125,90.5434,87.82,90.445,130646076,2.0374999999999943,0.023
2020-06-30,90.02,91.495,90.0,91.2,140223284,0.7550000000000097,0.0083
2020-07-01,91.28,91.84,90.9775,91.0275,110737236,-0.17249999999999943,-0.0019
2020-07-02,91.9625,92.6175,90.91,91.0275,114041468,0.0,0.0
2020-07-06,92.5,93.945,92.4675,93.4625,118655652,2.4350000000000023,0.0268
2020-07-07,93.8525,94.655,93.0575,93.1725,112424456,-0.29000000000000625,-0.0031
2020-07-08,94.18,95.375,94.09,95.3425,117091880,2.1700000000000017,0.0233
2020-07-09,96.2625,96.3175,94.6725,95.6825,125642608,0.3400000000000034,0.0036
2020-07-10,95.335,95.98,94.7052,95.92,90257320,0.23749999999999716,0.0025
2020-07-13,97.265,99.955,95.2575,95.4775,191649140,-0.44249999999999545,-0.0046
2020-07-14,94.84,97.255,93.8775,97.0575,170989364,1.5799999999999983,0.0165
2020-07-15,98.99,99.2475,96.49,97.725,153197932,0.6674999999999898,0.0069
2020-07-16,96.5625,97.405,95.905,96.5225,110577672,-1.2025000000000006,-0.0123
2020-07-17,96.9875,97.1475,95.84,96.3275,92186900,-0.19499999999999318,-0.002
2020-07-20,96.4163,98.5,96.0625,98.3575,90317908,2.030000000000001,0.0211
2020-07-21,99.1725,99.25,96.7425,97.0,103645836,-1.3575000000000017,-0.0138
2020-07-22,96.6925,97.975,96.6025,97.2725,89001652,0.27249999999999375,0.0028
2020-07-23,96.9984,97.0775,92.0098,92.845,197004432,-4.427499999999995,-0.0455
2020-07-24,90.9875,92.97,89.145,92.615,185438864,-0.23000000000000398,-0.0025
2020-07-27,93.71,94.905,93.48,94.81,121214192,2.1950000000000074,0.0237
2020-07-28,94.3675,94.5497,93.2475,93.2525,103625500,-1.5575000000000045,-0.0164
2020-07-29,93.75,95.23,93.7125,95.04,90329256,1.7875000000000085,0.0192
2020-07-30,94.1875,96.2975,93.7675,96.19,158130020,1.1499999999999915,0.0121
2020-07-31,102.8838,106.415,100.825,106.26,374295468,10.070000000000007,0.1047
2020-08-03,108.2,111.6364,107.8925,108.9375,308151388,2.677499999999995,0.0252
2020-08-04,109.1325,110.79,108.3875,109.665,172792368,0.7275000000000063,0.0067
2020-08-05,109.3775,110.3925,108.8975,110.0625,121991952,0.39749999999999375,0.0036
2020-08-06,110.405,114.4125,109.7975,113.9025,202428900,3.8400000000000034,0.0349
2020-08-07,113.205,113.675,110.2925,111.1125,198045612,-2.7900000000000063,-0.0245
2020-08-10,112.6,113.775,110.0,112.7275,212403424,1.615000000000009,0.0145
2020-08-11,111.9688,112.4825,109.1067,109.375,187902376,-3.3525000000000063,-0.0297
2020-08-12,110.4975,113.275,110.2975,113.01,165944820,3.635000000000005,0.0332
2020-08-13,114.43,116.0425,113.9275,115.01,210082064,2.0,0.0177
2020-08-14,114.8288,115.0,113.045,114.9075,165565208,-0.10250000000000625,-0.0009
2020-08-17,116.0625,116.0875,113.9625,114.6075,119561444,-0.29999999999999716,-0.0026
2020-08-18,114.3525,116.0,114.0075,115.5625,105633540,0.9549999999999983,0.0083
2020-08-19,115.9833,117.1625,115.61,115.7075,145538008,0.14499999999999602,0.0013
2020-08-20,115.75,118.392,115.7334,118.275,126907188,2.5675000000000097,0.0222
2020-08-21,119.2625,124.868,119.25,124.37,338054640,6.094999999999999,0.0515
2020-08-24,128.6975,128.785,123.9363,125.8575,345937768,1.4874999999999972,0.012
2020-08-25,124.6975,125.1793,123.0525,124.825,211495788,-1.0324999999999989,-0.0082
2020-08-26,126.1791,126.9925,125.0825,126.5225,163022268,1.697499999999991,0.0136
2020-08-27,127.1425,127.485,123.8325,125.01,155552384,-1.5124999999999886,-0.012
2020-08-28,126.0125,126.4425,124.5775,124.8075,187629916,-0.20250000000000057,-0.0016
2020-08-31,127.58,131.0,126.0,129.04,225702688,4.2324999999999875,0.0339
2020-09-01,132.76,134.8,130.53,134.18,152470142,5.140000000000015,0.0398
2020-09-02,137.59,137.98,127.0,131.4,200118991,-2.780000000000001,-0.0207
2020-09-03,126.91,128.84,120.5,120.88,257599640,-10.52000000000001,-0.0801
2020-09-04,120.07,123.7,110.89,120.96,332607163,0.0799999999999983,0.0007
2020-09-08,113.95,118.99,112.68,112.82,231366563,-8.14,-0.0673
2020-09-09,117.26,119.14,115.26,117.32,176940455,4.5,0.0399
2020-09-10,120.36,120.5,112.5,113.49,182274391,-3.8299999999999983,-0.0326
2020-09-11,114.57,115.23,110.0,112.0,180860325,-1.4899999999999949,-0.0131
2020-09-14,114.72,115.93,112.8,115.355,140150087,3.355000000000004,0.03
2020-09-15,118.33,118.829,113.61,115.54,184642039,0.18500000000000227,0.0016
2020-09-16,115.23,116.0,112.04,112.13,155026675,-3.410000000000011,-0.0295
2020-09-17,109.72,112.2,108.71,110.34,178010968,-1.789999999999992,-0.016
2020-09-18,110.4,110.88,106.09,106.84,287104882,-3.5,-0.0317
2020-09-21,104.54,110.19,103.1,110.08,195713815,3.239999999999995,0.0303
2020-09-22,112.68,112.86,109.16,111.81,183055373,1.730000000000004,0.0157
2020-09-23,111.62,112.11,106.77,107.12,150718671,-4.689999999999998,-0.0419
2020-09-24,105.17,110.25,105.0,108.22,167743349,1.0999999999999943,0.0103
2020-09-25,108.43,112.44,107.67,112.28,149981441,4.060000000000002,0.0375
2020-09-28,115.01,115.32,112.78,114.96,137672403,2.6799999999999926,0.0239
2020-09-29,114.55,115.31,113.57,114.09,100060526,-0.8699999999999903,-0.0076
2020-09-30,113.79,117.26,113.62,115.81,142675184,1.7199999999999989,0.0151
2020-10-01,117.64,117.72,115.83,116.79,116120440,0.980000000000004,0.0085
2020-10-02,112.89,115.37,112.22,113.02,144711986,-3.7700000000000102,-0.0323
2020-10-05,113.91,116.65,113.55,116.5,106243839,3.480000000000004,0.0308
2020-10-06,115.7,116.12,112.25,113.16,161498212,-3.3400000000000034,-0.0287
2020-10-07,114.62,115.55,114.13,115.08,96848985,1.9200000000000017,0.017
2020-10-08,116.25,116.4,114.5901,114.97,83477153,-0.10999999999999943,-0.001
2020-10-09,115.28,117.0,114.92,116.97,100506865,2.0,0.0174
2020-10-12,120.06,125.18,119.2845,124.4,240226769,7.430000000000007,0.0635
2020-10-13,125.27,125.39,119.65,121.1,262330451,-3.3000000000000114,-0.0265
2020-10-14,121.0,123.03,119.62,121.19,151062308,0.09000000000000341,0.0007
2020-10-15,118.72,121.2,118.15,120.71,112559219,-0.480000000000004,-0.004
2020-10-16,121.28,121.548,118.81,119.02,115393808,-1.6899999999999977,-0.014
2020-10-19,119.96,120.419,115.66,115.98,120639337,-3.039999999999992,-0.0255
2020-10-20,116.2,118.98,115.63,117.51,124423728,1.5300000000000011,0.0132
2020-10-21,116.67,118.705,116.45,116.87,89945980,-0.6400000000000006,-0.0054
2020-10-22,117.45,118.04,114.59,115.75,101987954,-1.1200000000000045,-0.0096
2020-10-23,116.39,116.55,114.28,115.04,82572645,-0.7099999999999937,-0.0061
2020-10-26,114.01,116.55,112.88,115.05,111850657,0.009999999999990905,0.0001
2020-10-27,115.49,117.28,114.5399,116.6,92276772,1.5499999999999972,0.0135
2020-10-28,115.05,115.43,111.1,111.2,143937823,-5.3999999999999915,-0.0463
2020-10-29,112.37,116.93,112.2,115.32,146129173,4.11999999999999,0.0371
2020-10-30,111.06,111.99,107.72,108.86,190573476,-6.459999999999994,-0.056
2020-11-02,109.11,110.68,107.32,108.77,122866899,-0.09000000000000341,-0.0008
2020-11-03,109.66,111.49,108.73,110.44,107624448,1.6700000000000017,0.0154
2020-11-04,114.14,115.59,112.35,114.95,138235482,4.510000000000005,0.0408
2020-11-05,117.95,119.62,116.8686,119.03,126387074,4.079999999999998,0.0355
2020-11-06,118.32,119.2,116.13,118.69,114457922,-0.3400000000000034,-0.0029
2020-11-09,120.5,121.99,116.05,116.32,154515315,-2.3700000000000045,-0.02
2020-11-10,115.55,117.59,114.13,115.97,138023390,-0.3499999999999943,-0.003
2020-11-11,117.19,119.63,116.44,119.49,112294954,3.519999999999996,0.0304
2020-11-12,119.62,120.53,118.57,119.21,103350674,-0.28000000000000114,-0.0023
2020-11-13,119.44,119.6717,117.87,119.26,81688586,0.05000000000001137,0.0004
2020-11-16,118.92,120.99,118.146,120.3,91183018,1.039999999999992,0.0087
2020-11-17,119.55,120.6741,118.96,119.39,74270973,-0.9099999999999966,-0.0076
2020-11-18,118.61,119.82,118.0,118.03,76322111,-1.3599999999999994,-0.0114
2020-11-19,117.59,119.06,116.81,118.64,74112972,0.6099999999999994,0.0052
2020-11-20,118.64,118.77,117.29,117.34,73604287,-1.2999999999999972,-0.011
2020-11-23,117.18,117.6202,113.75,113.85,127959318,-3.490000000000009,-0.0297
2020-11-24,113.91,115.85,112.59,115.17,113874218,1.3200000000000074,0.0116
2020-11-25,115.55,116.75,115.17,116.03,76499234,0.8599999999999994,0.0075
2020-11-27,116.57,117.49,116.22,116.59,46691331,0.5600000000000023,0.0048
2020-11-30,116.97,120.97,116.81,119.05,169410176,2.4599999999999937,0.0211
2020-12-01,121.01,123.4693,120.01,122.72,128166803,3.6700000000000017,0.0308
2020-12-02,122.02,123.37,120.89,123.08,89004195,0.35999999999999943,0.0029
2020-12-03,123.52,123.78,122.21,122.94,78967630,-0.14000000000000057,-0.0011
2020-12-04,122.6,122.8608,121.52,122.25,78260421,-0.6899999999999977,-0.0056
